Workbook

Sheet 사용법
B1: 부의금 정산 양식
B3: 삼가 고인의 명복을 빕니다.
B4: 경황 없으실 텐데, 적기만 하시면 계산은 이 파일이 합니다.
B6: ① '가족 목록' 탭에 부의금을 받는 가족 이름을 적으세요. (최대 20명)
B7: 여럿이 함께 받은 돈은 '공동'이나 '아빠·작은아빠'처럼 이름을 하나 만들어 쓰세요.
B8: ② '부의금 입력' 탭에 한 줄에 한 분씩 적으세요. 받은 가족은 목록에서 고르고, 금액은 숫자로(50000).
B9: ③ 하루가 끝나면 이름 칸에 '1일차 소계', 금액 칸에 그날 합계를 적으세요. 요약 탭에서 맞는지 비교해 줍니다.
B10: 마지막에 '총합계' 줄을 적어도 됩니다. '소계'·'합계' 줄은 합계에 두 번 들어가지 않습니다.
B11: ④ 화환·근조기·바구니는 '근조 화환' 탭, 장례 비용은 '지출' 탭에 적으세요.
B12: 부의금과 따로 모은 공금이 있으면 지출 탭 오른쪽 '공금 시작'에 금액을 넣고, 낸 사람을 '공금'으로 고르세요.
B13: ⑤ '요약' 탭 정산 표 위 노란 칸에서 정산 방법을 고르세요: 똑같이 나누기 / 받은 부의금 비율 / 손님 수 비율.
B14: 방법별 장단점은 요약 표 아래에 있습니다. 비용을 나눠 내지 않을 가족은 '가족 목록'의 '정산 참여'에 X.
... B29: 이 양식은 계산을 편하게 하도록 돕는 도구일 뿐이며, 결과가 정확하다고 보장하지 않습니다. 중요한 금액은 반드시 직접 확인하세요. 이 양식을 쓰거나 그 결과를 근거로 해서 생긴 계산 오류, 금전 정산, 가족·지인 간 분쟁, 그 밖의 어떤 손해에 대해서도 만든 사람은 책임을 지지 않습니다. 법률·세무 자문이 아닙니다.

Sheet 요약
A1: 총 합계 | B1: =SUMIF('부의금 입력'!$G$2:$G$1001,">0",'부의금 입력'!$C$2:$C$1001) | D1: 조화·물품 | E1: =SUM('근조 화환'!$H$2:$H$501) | G1: 장부 총합계 | H1: =IF(COUNTIF('부의금 입력'!$B$2:$B$1001,"*총합계*")=0,"",SUMIF('부의금 입력'!$B$2:$B$1001,"*총합계*",'부의금 입력'!$C$2:$C$1001))
A2: 총 건수 | B2: =COUNTIF('부의금 입력'!$G$2:$G$1001,">0") | D2: 지출 총액 | E2: =지출!H4 | G2: 장부와 차이 | H2: =IF(H1="","",B1-H1)
A3: 확인 필요 | B3: =SUM('부의금 입력'!$J$2:$J$1001)+SUM('근조 화환'!$I$2:$I$501)+SUM(지출!$Y$2:$Y$301) | D3: 남는 돈 | E3: =지출!H5 | G3: 지출 비율 | H3: =IF(B1=0,"-",지출!H4/B1)
G4: 정산 방법 ▶ | H4: ▼ 정산 방법을 골라 주세요 | K4: 일차별 소계 | Q4: =IFERROR(VALUE(LEFT($H$4,1)),0)
A5: 받은 가족 | B5: 건수 | C5: 합계 | D5: 비중 | E5: 조화·물품 | G5: 지출 분담 | H5: 남는 몫 | I5: 실제 지급 | K5: 일차 | L5: 건수 | M5: 합계 | N5: 장부에 적은 소계 | O5: 차이
A6: =IF('가족 목록'!A2="","",'가족 목록'!A2) | B6: =IF($A6="","",COUNTIFS('부의금 입력'!$A$2:$A$1001,$A6,'부의금 입력'!$G$2:$G$1001,">0")) | C6: =IF($A6="","",SUMIFS('부의금 입력'!$C$2:$C$1001,'부의금 입력'!$A$2:$A$1001,$A6,'부의금 입력'!$G$2:$G$1001,">0")) | D6: =IF($A6="","",IF($B$1=0,0,C6/$B$1)) | E6: =IF($A6="","",COUNTIF('근조 화환'!$A$2:$A$501,$A6)) | G6: =IF(OR($A6="",$Q$4=0),"",IF(SUM($R$6:$R$25)=0,0,지출!$H$4*R6/SUM($R$6:$R$25))) | H6: =IF(G6="","",C6-G6) | K6: =IF(1<=MAX('부의금 입력'!$G$2:$G$1001),1,"") | L6: =IF(K6="","",COUNTIF('부의금 입력'!$G$2:$G$1001,K6)) | M6: =IF(K6="","",SUMIF('부의금 입력'!$G$2:$G$1001,K6,'부의금 입력'!$C$2:$C$1001)) | N6: =IF(K6="","",IF(COUNTIF('부의금 입력'!$I$2:$I$1001,K6)=0,"",SUMIF('부의금 입력'!$I$2:$I$1001,K6,'부의금 입력'!$C$2:$C$1001))) | O6: =IF(OR(K6="",N6=""),"",M6-N6) | Q6: =IF($A6="",0,IF(UPPER(TRIM('가족 목록'!B2))="X",0,1)) | R6: =IF(OR(Q6=0,$Q$4=0),0,CHOOSE($Q$4,1,C6,B6))
A7: =IF('가족 목록'!A3="","",'가족 목록'!A3) | B7: =IF($A7="","",COUNTIFS('부의금 입력'!$A$2:$A$1001,$A7,'부의금 입력'!$G$2:$G$1001,">0")) | C7: =IF($A7="","",SUMIFS('부의금 입력'!$C$2:$C$1001,'부의금 입력'!$A$2:$A$1001,$A7,'부의금 입력'!$G$2:$G$1001,">0")) | D7: =IF($A7="","",IF($B$1=0,0,C7/$B$1)) | E7: =IF($A7="","",COUNTIF('근조 화환'!$A$2:$A$501,$A7)) | G7: =IF(OR($A7="",$Q$4=0),"",IF(SUM($R$6:$R$25)=0,0,지출!$H$4*R7/SUM($R$6:$R$25))) | H7: =IF(G7="","",C7-G7) | K7: =IF(2<=MAX('부의금 입력'!$G$2:$G$1001),2,"") | L7: =IF(K7="","",COUNTIF('부의금 입력'!$G$2:$G$1001,K7)) | M7: =IF(K7="","",SUMIF('부의금 입력'!$G$2:$G$1001,K7,'부의금 입력'!$C$2:$C$1001)) | N7: =IF(K7="","",IF(COUNTIF('부의금 입력'!$I$2:$I$1001,K7)=0,"",SUMIF('부의금 입력'!$I$2:$I$1001,K7,'부의금 입력'!$C$2:$C$1001))) | O7: =IF(OR(K7="",N7=""),"",M7-N7) | Q7: =IF($A7="",0,IF(UPPER(TRIM('가족 목록'!B3))="X",0,1)) | R7: =IF(OR(Q7=0,$Q$4=0),0,CHOOSE($Q$4,1,C7,B7))
A8: =IF('가족 목록'!A4="","",'가족 목록'!A4) | B8: =IF($A8="","",COUNTIFS('부의금 입력'!$A$2:$A$1001,$A8,'부의금 입력'!$G$2:$G$1001,">0")) | C8: =IF($A8="","",SUMIFS('부의금 입력'!$C$2:$C$1001,'부의금 입력'!$A$2:$A$1001,$A8,'부의금 입력'!$G$2:$G$1001,">0")) | D8: =IF($A8="","",IF($B$1=0,0,C8/$B$1)) | E8: =IF($A8="","",COUNTIF('근조 화환'!$A$2:$A$501,$A8)) | G8: =IF(OR($A8="",$Q$4=0),"",IF(SUM($R$6:$R$25)=0,0,지출!$H$4*R8/SUM($R$6:$R$25))) | H8: =IF(G8="","",C8-G8) | K8: =IF(3<=MAX('부의금 입력'!$G$2:$G$1001),3,"") | L8: =IF(K8="","",COUNTIF('부의금 입력'!$G$2:$G$1001,K8)) | M8: =IF(K8="","",SUMIF('부의금 입력'!$G$2:$G$1001,K8,'부의금 입력'!$C$2:$C$1001)) | N8: =IF(K8="","",IF(COUNTIF('부의금 입력'!$I$2:$I$1001,K8)=0,"",SUMIF('부의금 입력'!$I$2:$I$1001,K8,'부의금 입력'!$C$2:$C$1001))) | O8: =IF(OR(K8="",N8=""),"",M8-N8) | Q8: =IF($A8="",0,IF(UPPER(TRIM('가족 목록'!B4))="X",0,1)) | R8: =IF(OR(Q8=0,$Q$4=0),0,CHOOSE($Q$4,1,C8,B8))
A9: =IF('가족 목록'!A5="","",'가족 목록'!A5) | B9: =IF($A9="","",COUNTIFS('부의금 입력'!$A$2:$A$1001,$A9,'부의금 입력'!$G$2:$G$1001,">0")) | C9: =IF($A9="","",SUMIFS('부의금 입력'!$C$2:$C$1001,'부의금 입력'!$A$2:$A$1001,$A9,'부의금 입력'!$G$2:$G$1001,">0")) | D9: =IF($A9="","",IF($B$1=0,0,C9/$B$1)) | E9: =IF($A9="","",COUNTIF('근조 화환'!$A$2:$A$501,$A9)) | G9: =IF(OR($A9="",$Q$4=0),"",IF(SUM($R$6:$R$25)=0,0,지출!$H$4*R9/SUM($R$6:$R$25))) | H9: =IF(G9="","",C9-G9) | K9: =IF(4<=MAX('부의금 입력'!$G$2:$G$1001),4,"") | L9: =IF(K9="","",COUNTIF('부의금 입력'!$G$2:$G$1001,K9)) | M9: =IF(K9="","",SUMIF('부의금 입력'!$G$2:$G$1001,K9,'부의금 입력'!$C$2:$C$1001)) | N9: =IF(K9="","",IF(COUNTIF('부의금 입력'!$I$2:$I$1001,K9)=0,"",SUMIF('부의금 입력'!$I$2:$I$1001,K9,'부의금 입력'!$C$2:$C$1001))) | O9: =IF(OR(K9="",N9=""),"",M9-N9) | Q9: =IF($A9="",0,IF(UPPER(TRIM('가족 목록'!B5))="X",0,1)) | R9: =IF(OR(Q9=0,$Q$4=0),0,CHOOSE($Q$4,1,C9,B9))
A10: =IF('가족 목록'!A6="","",'가족 목록'!A6) | B10: =IF($A10="","",COUNTIFS('부의금 입력'!$A$2:$A$1001,$A10,'부의금 입력'!$G$2:$G$1001,">0")) | C10: =IF($A10="","",SUMIFS('부의금 입력'!$C$2:$C$1001,'부의금 입력'!$A$2:$A$1001,$A10,'부의금 입력'!$G$2:$G$1001,">0")) | D10: =IF($A10="","",IF($B$1=0,0,C10/$B$1)) | E10: =IF($A10="","",COUNTIF('근조 화환'!$A$2:$A$501,$A10)) | G10: =IF(OR($A10="",$Q$4=0),"",IF(SUM($R$6:$R$25)=0,0,지출!$H$4*R10/SUM($R$6:$R$25))) | H10: =IF(G10="","",C10-G10) | K10: =IF(5<=MAX('부의금 입력'!$G$2:$G$1001),5,"") | L10: =IF(K10="","",COUNTIF('부의금 입력'!$G$2:$G$1001,K10)) | M10: =IF(K10="","",SUMIF('부의금 입력'!$G$2:$G$1001,K10,'부의금 입력'!$C$2:$C$1001)) | N10: =IF(K10="","",IF(COUNTIF('부의금 입력'!$I$2:$I$1001,K10)=0,"",SUMIF('부의금 입력'!$I$2:$I$1001,K10,'부의금 입력'!$C$2:$C$1001))) | O10: =IF(OR(K10="",N10=""),"",M10-N10) | Q10: =IF($A10="",0,IF(UPPER(TRIM('가족 목록'!B6))="X",0,1)) | R10: =IF(OR(Q10=0,$Q$4=0),0,CHOOSE($Q$4,1,C10,B10))
A11: =IF('가족 목록'!A7="","",'가족 목록'!A7) | B11: =IF($A11="","",COUNTIFS('부의금 입력'!$A$2:$A$1001,$A11,'부의금 입력'!$G$2:$G$1001,">0")) | C11: =IF($A11="","",SUMIFS('부의금 입력'!$C$2:$C$1001,'부의금 입력'!$A$2:$A$1001,$A11,'부의금 입력'!$G$2:$G$1001,">0")) | D11: =IF($A11="","",IF($B$1=0,0,C11/$B$1)) | E11: =IF($A11="","",COUNTIF('근조 화환'!$A$2:$A$501,$A11)) | G11: =IF(OR($A11="",$Q$4=0),"",IF(SUM($R$6:$R$25)=0,0,지출!$H$4*R11/SUM($R$6:$R$25))) | H11: =IF(G11="","",C11-G11) | K11: =IF(6<=MAX('부의금 입력'!$G$2:$G$1001),6,"") | L11: =IF(K11="","",COUNTIF('부의금 입력'!$G$2:$G$1001,K11)) | M11: =IF(K11="","",SUMIF('부의금 입력'!$G$2:$G$1001,K11,'부의금 입력'!$C$2:$C$1001)) | N11: =IF(K11="","",IF(COUNTIF('부의금 입력'!$I$2:$I$1001,K11)=0,"",SUMIF('부의금 입력'!$I$2:$I$1001,K11,'부의금 입력'!$C$2:$C$1001))) | O11: =IF(OR(K11="",N11=""),"",M11-N11) | Q11: =IF($A11="",0,IF(UPPER(TRIM('가족 목록'!B7))="X",0,1)) | R11: =IF(OR(Q11=0,$Q$4=0),0,CHOOSE($Q$4,1,C11,B11))
A12: =IF('가족 목록'!A8="","",'가족 목록'!A8) | B12: =IF($A12="","",COUNTIFS('부의금 입력'!$A$2:$A$1001,$A12,'부의금 입력'!$G$2:$G$1001,">0")) | C12: =IF($A12="","",SUMIFS('부의금 입력'!$C$2:$C$1001,'부의금 입력'!$A$2:$A$1001,$A12,'부의금 입력'!$G$2:$G$1001,">0")) | D12: =IF($A12="","",IF($B$1=0,0,C12/$B$1)) | E12: =IF($A12="","",COUNTIF('근조 화환'!$A$2:$A$501,$A12)) | G12: =IF(OR($A12="",$Q$4=0),"",IF(SUM($R$6:$R$25)=0,0,지출!$H$4*R12/SUM($R$6:$R$25))) | H12: =IF(G12="","",C12-G12) | K12: =IF(7<=MAX('부의금 입력'!$G$2:$G$1001),7,"") | L12: =IF(K12="","",COUNTIF('부의금 입력'!$G$2:$G$1001,K12)) | M12: =IF(K12="","",SUMIF('부의금 입력'!$G$2:$G$1001,K12,'부의금 입력'!$C$2:$C$1001)) | N12: =IF(K12="","",IF(COUNTIF('부의금 입력'!$I$2:$I$1001,K12)=0,"",SUMIF('부의금 입력'!$I$2:$I$1001,K12,'부의금 입력'!$C$2:$C$1001))) | O12: =IF(OR(K12="",N12=""),"",M12-N12) | Q12: =IF($A12="",0,IF(UPPER(TRIM('가족 목록'!B8))="X",0,1)) | R12: =IF(OR(Q12=0,$Q$4=0),0,CHOOSE($Q$4,1,C12,B12))
A13: =IF('가족 목록'!A9="","",'가족 목록'!A9) | B13: =IF($A13="","",COUNTIFS('부의금 입력'!$A$2:$A$1001,$A13,'부의금 입력'!$G$2:$G$1001,">0")) | C13: =IF($A13="","",SUMIFS('부의금 입력'!$C$2:$C$1001,'부의금 입력'!$A$2:$A$1001,$A13,'부의금 입력'!$G$2:$G$1001,">0")) | D13: =IF($A13="","",IF($B$1=0,0,C13/$B$1)) | E13: =IF($A13="","",COUNTIF('근조 화환'!$A$2:$A$501,$A13)) | G13: =IF(OR($A13="",$Q$4=0),"",IF(SUM($R$6:$R$25)=0,0,지출!$H$4*R13/SUM($R$6:$R$25))) | H13: =IF(G13="","",C13-G13) | K13: =IF(8<=MAX('부의금 입력'!$G$2:$G$1001),8,"") | L13: =IF(K13="","",COUNTIF('부의금 입력'!$G$2:$G$1001,K13)) | M13: =IF(K13="","",SUMIF('부의금 입력'!$G$2:$G$1001,K13,'부의금 입력'!$C$2:$C$1001)) | N13: =IF(K13="","",IF(COUNTIF('부의금 입력'!$I$2:$I$1001,K13)=0,"",SUMIF('부의금 입력'!$I$2:$I$1001,K13,'부의금 입력'!$C$2:$C$1001))) | O13: =IF(OR(K13="",N13=""),"",M13-N13) | Q13: =IF($A13="",0,IF(UPPER(TRIM('가족 목록'!B9))="X",0,1)) | R13: =IF(OR(Q13=0,$Q$4=0),0,CHOOSE($Q$4,1,C13,B13))
A14: =IF('가족 목록'!A10="","",'가족 목록'!A10) | B14: =IF($A14="","",COUNTIFS('부의금 입력'!$A$2:$A$1001,$A14,'부의금 입력'!$G$2:$G$1001,">0")) | C14: =IF($A14="","",SUMIFS('부의금 입력'!$C$2:$C$1001,'부의금 입력'!$A$2:$A$1001,$A14,'부의금 입력'!$G$2:$G$1001,">0")) | D14: =IF($A14="","",IF($B$1=0,0,C14/$B$1)) | E14: =IF($A14="","",COUNTIF('근조 화환'!$A$2:$A$501,$A14)) | G14: =IF(OR($A14="",$Q$4=0),"",IF(SUM($R$6:$R$25)=0,0,지출!$H$4*R14/SUM($R$6:$R$25))) | H14: =IF(G14="","",C14-G14) | K14: =IF(9<=MAX('부의금 입력'!$G$2:$G$1001),9,"") | L14: =IF(K14="","",COUNTIF('부의금 입력'!$G$2:$G$1001,K14)) | M14: =IF(K14="","",SUMIF('부의금 입력'!$G$2:$G$1001,K14,'부의금 입력'!$C$2:$C$1001)) | N14: =IF(K14="","",IF(COUNTIF('부의금 입력'!$I$2:$I$1001,K14)=0,"",SUMIF('부의금 입력'!$I$2:$I$1001,K14,'부의금 입력'!$C$2:$C$1001))) | O14: =IF(OR(K14="",N14=""),"",M14-N14) | Q14: =IF($A14="",0,IF(UPPER(TRIM('가족 목록'!B10))="X",0,1)) | R14: =IF(OR(Q14=0,$Q$4=0),0,CHOOSE($Q$4,1,C14,B14))
A15: =IF('가족 목록'!A11="","",'가족 목록'!A11) | B15: =IF($A15="","",COUNTIFS('부의금 입력'!$A$2:$A$1001,$A15,'부의금 입력'!$G$2:$G$1001,">0")) | C15: =IF($A15="","",SUMIFS('부의금 입력'!$C$2:$C$1001,'부의금 입력'!$A$2:$A$1001,$A15,'부의금 입력'!$G$2:$G$1001,">0")) | D15: =IF($A15="","",IF($B$1=0,0,C15/$B$1)) | E15: =IF($A15="","",COUNTIF('근조 화환'!$A$2:$A$501,$A15)) | G15: =IF(OR($A15="",$Q$4=0),"",IF(SUM($R$6:$R$25)=0,0,지출!$H$4*R15/SUM($R$6:$R$25))) | H15: =IF(G15="","",C15-G15) | K15: =IF(10<=MAX('부의금 입력'!$G$2:$G$1001),10,"") | L15: =IF(K15="","",COUNTIF('부의금 입력'!$G$2:$G$1001,K15)) | M15: =IF(K15="","",SUMIF('부의금 입력'!$G$2:$G$1001,K15,'부의금 입력'!$C$2:$C$1001)) | N15: =IF(K15="","",IF(COUNTIF('부의금 입력'!$I$2:$I$1001,K15)=0,"",SUMIF('부의금 입력'!$I$2:$I$1001,K15,'부의금 입력'!$C$2:$C$1001))) | O15: =IF(OR(K15="",N15=""),"",M15-N15) | Q15: =IF($A15="",0,IF(UPPER(TRIM('가족 목록'!B11))="X",0,1)) | R15: =IF(OR(Q15=0,$Q$4=0),0,CHOOSE($Q$4,1,C15,B15))
A16: =IF('가족 목록'!A12="","",'가족 목록'!A12) | B16: =IF($A16="","",COUNTIFS('부의금 입력'!$A$2:$A$1001,$A16,'부의금 입력'!$G$2:$G$1001,">0")) | C16: =IF($A16="","",SUMIFS('부의금 입력'!$C$2:$C$1001,'부의금 입력'!$A$2:$A$1001,$A16,'부의금 입력'!$G$2:$G$1001,">0")) | D16: =IF($A16="","",IF($B$1=0,0,C16/$B$1)) | E16: =IF($A16="","",COUNTIF('근조 화환'!$A$2:$A$501,$A16)) | G16: =IF(OR($A16="",$Q$4=0),"",IF(SUM($R$6:$R$25)=0,0,지출!$H$4*R16/SUM($R$6:$R$25))) | H16: =IF(G16="","",C16-G16) | Q16: =IF($A16="",0,IF(UPPER(TRIM('가족 목록'!B12))="X",0,1)) | R16: =IF(OR(Q16=0,$Q$4=0),0,CHOOSE($Q$4,1,C16,B16))
A17: =IF('가족 목록'!A13="","",'가족 목록'!A13) | B17: =IF($A17="","",COUNTIFS('부의금 입력'!$A$2:$A$1001,$A17,'부의금 입력'!$G$2:$G$1001,">0")) | C17: =IF($A17="","",SUMIFS('부의금 입력'!$C$2:$C$1001,'부의금 입력'!$A$2:$A$1001,$A17,'부의금 입력'!$G$2:$G$1001,">0")) | D17: =IF($A17="","",IF($B$1=0,0,C17/$B$1)) | E17: =IF($A17="","",COUNTIF('근조 화환'!$A$2:$A$501,$A17)) | G17: =IF(OR($A17="",$Q$4=0),"",IF(SUM($R$6:$R$25)=0,0,지출!$H$4*R17/SUM($R$6:$R$25))) | H17: =IF(G17="","",C17-G17) | Q17: =IF($A17="",0,IF(UPPER(TRIM('가족 목록'!B13))="X",0,1)) | R17: =IF(OR(Q17=0,$Q$4=0),0,CHOOSE($Q$4,1,C17,B17))
A18: =IF('가족 목록'!A14="","",'가족 목록'!A14) | B18: =IF($A18="","",COUNTIFS('부의금 입력'!$A$2:$A$1001,$A18,'부의금 입력'!$G$2:$G$1001,">0")) | C18: =IF($A18="","",SUMIFS('부의금 입력'!$C$2:$C$1001,'부의금 입력'!$A$2:$A$1001,$A18,'부의금 입력'!$G$2:$G$1001,">0")) | D18: =IF($A18="","",IF($B$1=0,0,C18/$B$1)) | E18: =IF($A18="","",COUNTIF('근조 화환'!$A$2:$A$501,$A18)) | G18: =IF(OR($A18="",$Q$4=0),"",IF(SUM($R$6:$R$25)=0,0,지출!$H$4*R18/SUM($R$6:$R$25))) | H18: =IF(G18="","",C18-G18) | Q18: =IF($A18="",0,IF(UPPER(TRIM('가족 목록'!B14))="X",0,1)) | R18: =IF(OR(Q18=0,$Q$4=0),0,CHOOSE($Q$4,1,C18,B18))
A19: =IF('가족 목록'!A15="","",'가족 목록'!A15) | B19: =IF($A19="","",COUNTIFS('부의금 입력'!$A$2:$A$1001,$A19,'부의금 입력'!$G$2:$G$1001,">0")) | C19: =IF($A19="","",SUMIFS('부의금 입력'!$C$2:$C$1001,'부의금 입력'!$A$2:$A$1001,$A19,'부의금 입력'!$G$2:$G$1001,">0")) | D19: =IF($A19="","",IF($B$1=0,0,C19/$B$1)) | E19: =IF($A19="","",COUNTIF('근조 화환'!$A$2:$A$501,$A19)) | G19: =IF(OR($A19="",$Q$4=0),"",IF(SUM($R$6:$R$25)=0,0,지출!$H$4*R19/SUM($R$6:$R$25))) | H19: =IF(G19="","",C19-G19) | Q19: =IF($A19="",0,IF(UPPER(TRIM('가족 목록'!B15))="X",0,1)) | R19: =IF(OR(Q19=0,$Q$4=0),0,CHOOSE($Q$4,1,C19,B19))
A20: =IF('가족 목록'!A16="","",'가족 목록'!A16) | B20: =IF($A20="","",COUNTIFS('부의금 입력'!$A$2:$A$1001,$A20,'부의금 입력'!$G$2:$G$1001,">0")) | C20: =IF($A20="","",SUMIFS('부의금 입력'!$C$2:$C$1001,'부의금 입력'!$A$2:$A$1001,$A20,'부의금 입력'!$G$2:$G$1001,">0")) | D20: =IF($A20="","",IF($B$1=0,0,C20/$B$1)) | E20: =IF($A20="","",COUNTIF('근조 화환'!$A$2:$A$501,$A20)) | G20: =IF(OR($A20="",$Q$4=0),"",IF(SUM($R$6:$R$25)=0,0,지출!$H$4*R20/SUM($R$6:$R$25))) | H20: =IF(G20="","",C20-G20) | Q20: =IF($A20="",0,IF(UPPER(TRIM('가족 목록'!B16))="X",0,1)) | R20: =IF(OR(Q20=0,$Q$4=0),0,CHOOSE($Q$4,1,C20,B20))
A21: =IF('가족 목록'!A17="","",'가족 목록'!A17) | B21: =IF($A21="","",COUNTIFS('부의금 입력'!$A$2:$A$1001,$A21,'부의금 입력'!$G$2:$G$1001,">0")) | C21: =IF($A21="","",SUMIFS('부의금 입력'!$C$2:$C$1001,'부의금 입력'!$A$2:$A$1001,$A21,'부의금 입력'!$G$2:$G$1001,">0")) | D21: =IF($A21="","",IF($B$1=0,0,C21/$B$1)) | E21: =IF($A21="","",COUNTIF('근조 화환'!$A$2:$A$501,$A21)) | G21: =IF(OR($A21="",$Q$4=0),"",IF(SUM($R$6:$R$25)=0,0,지출!$H$4*R21/SUM($R$6:$R$25))) | H21: =IF(G21="","",C21-G21) | Q21: =IF($A21="",0,IF(UPPER(TRIM('가족 목록'!B17))="X",0,1)) | R21: =IF(OR(Q21=0,$Q$4=0),0,CHOOSE($Q$4,1,C21,B21))
A22: =IF('가족 목록'!A18="","",'가족 목록'!A18) | B22: =IF($A22="","",COUNTIFS('부의금 입력'!$A$2:$A$1001,$A22,'부의금 입력'!$G$2:$G$1001,">0")) | C22: =IF($A22="","",SUMIFS('부의금 입력'!$C$2:$C$1001,'부의금 입력'!$A$2:$A$1001,$A22,'부의금 입력'!$G$2:$G$1001,">0")) | D22: =IF($A22="","",IF($B$1=0,0,C22/$B$1)) | E22: =IF($A22="","",COUNTIF('근조 화환'!$A$2:$A$501,$A22)) | G22: =IF(OR($A22="",$Q$4=0),"",IF(SUM($R$6:$R$25)=0,0,지출!$H$4*R22/SUM($R$6:$R$25))) | H22: =IF(G22="","",C22-G22) | Q22: =IF($A22="",0,IF(UPPER(TRIM('가족 목록'!B18))="X",0,1)) | R22: =IF(OR(Q22=0,$Q$4=0),0,CHOOSE($Q$4,1,C22,B22))
A23: =IF('가족 목록'!A19="","",'가족 목록'!A19) | B23: =IF($A23="","",COUNTIFS('부의금 입력'!$A$2:$A$1001,$A23,'부의금 입력'!$G$2:$G$1001,">0")) | C23: =IF($A23="","",SUMIFS('부의금 입력'!$C$2:$C$1001,'부의금 입력'!$A$2:$A$1001,$A23,'부의금 입력'!$G$2:$G$1001,">0")) | D23: =IF($A23="","",IF($B$1=0,0,C23/$B$1)) | E23: =IF($A23="","",COUNTIF('근조 화환'!$A$2:$A$501,$A23)) | G23: =IF(OR($A23="",$Q$4=0),"",IF(SUM($R$6:$R$25)=0,0,지출!$H$4*R23/SUM($R$6:$R$25))) | H23: =IF(G23="","",C23-G23) | Q23: =IF($A23="",0,IF(UPPER(TRIM('가족 목록'!B19))="X",0,1)) | R23: =IF(OR(Q23=0,$Q$4=0),0,CHOOSE($Q$4,1,C23,B23))
A24: =IF('가족 목록'!A20="","",'가족 목록'!A20) | B24: =IF($A24="","",COUNTIFS('부의금 입력'!$A$2:$A$1001,$A24,'부의금 입력'!$G$2:$G$1001,">0")) | C24: =IF($A24="","",SUMIFS('부의금 입력'!$C$2:$C$1001,'부의금 입력'!$A$2:$A$1001,$A24,'부의금 입력'!$G$2:$G$1001,">0")) | D24: =IF($A24="","",IF($B$1=0,0,C24/$B$1)) | E24: =IF($A24="","",COUNTIF('근조 화환'!$A$2:$A$501,$A24)) | G24: =IF(OR($A24="",$Q$4=0),"",IF(SUM($R$6:$R$25)=0,0,지출!$H$4*R24/SUM($R$6:$R$25))) | H24: =IF(G24="","",C24-G24) | Q24: =IF($A24="",0,IF(UPPER(TRIM('가족 목록'!B20))="X",0,1)) | R24: =IF(OR(Q24=0,$Q$4=0),0,CHOOSE($Q$4,1,C24,B24))
A25: =IF('가족 목록'!A21="","",'가족 목록'!A21) | B25: =IF($A25="","",COUNTIFS('부의금 입력'!$A$2:$A$1001,$A25,'부의금 입력'!$G$2:$G$1001,">0")) | C25: =IF($A25="","",SUMIFS('부의금 입력'!$C$2:$C$1001,'부의금 입력'!$A$2:$A$1001,$A25,'부의금 입력'!$G$2:$G$1001,">0")) | D25: =IF($A25="","",IF($B$1=0,0,C25/$B$1)) | E25: =IF($A25="","",COUNTIF('근조 화환'!$A$2:$A$501,$A25)) | G25: =IF(OR($A25="",$Q$4=0),"",IF(SUM($R$6:$R$25)=0,0,지출!$H$4*R25/SUM($R$6:$R$25))) | H25: =IF(G25="","",C25-G25) | Q25: =IF($A25="",0,IF(UPPER(TRIM('가족 목록'!B21))="X",0,1)) | R25: =IF(OR(Q25=0,$Q$4=0),0,CHOOSE($Q$4,1,C25,B25))
A26: 합계 | B26: =SUM(B6:B25) | C26: =SUM(C6:C25) | D26: =SUM(D6:D25) | E26: =SUM(E6:E25) | G26: =SUM(G6:G25) | H26: =SUM(H6:H25) | I26: =SUM(I6:I25)
A27: 가족 목록에 없는 기록 | C27: =B1-C26
A29: 정산 방법 (표 위 노란 칸에서 고르세요)
A30: 1. 똑같이 나누기: 지출 총액 ÷ 참여 가족 수
A31: 장점: 가장 단순하고 설명하기 쉽습니다. 단점: 손님이 적게 온 가족도 똑같이 내서 부담이 클 수 있습니다.
A32: 2. 받은 부의금 비율: 지출 총액 × (내 부의금 ÷ 참여 가족 부의금 합)
A33: 장점: 모두 같은 비율만큼 남아 가장 무난합니다. 단점: 부의금을 많이 받은 가족이 비용도 많이 냅니다.
A34: 3. 손님 수 비율: 지출 총액 × (내 손님 수 ÷ 참여 가족 손님 수 합)
A35: 장점: 식대처럼 손님 수만큼 드는 비용을 반영합니다. 단점: 봉투 하나에 여럿이 와도 1명으로 세고, 금액 차이는 반영하지 않습니다.
A36: 남는 몫 = 받은 부의금 − 지출 분담. 마이너스면 그만큼 더 내야 한다는 뜻입니다.
A37: 비용을 나눠 내지 않을 가족은 '가족 목록' 탭 '정산 참여'에 X. 다르게 정하셨다면 '실제 지급' 칸에 적으세요.

Sheet 가족별
A1: 받은 가족 | B1: ='가족 목록'!A2 | C1: 합계 | D1: =SUMIFS('부의금 입력'!$C$2:$C$1001,'부의금 입력'!$A$2:$A$1001,$B$1,'부의금 입력'!$G$2:$G$1001,">0") | E1: 건수 | F1: =COUNTIFS('부의금 입력'!$A$2:$A$1001,$B$1,'부의금 입력'!$G$2:$G$1001,">0") | H1: 조화·물품 | I1: =COUNTIF('근조 화환'!$A$2:$A$501,$B$1)
A2: ▲ 노란 칸에서 이름을 고르면 그분 명단이 나옵니다.
A3: 번호 | B3: 이름 | C3: 금액 | D3: 소속·관계 | E3: 메모 | H3: 보낸 분 | I3: 종류 | J3: 소속·관계 | K3: 메모
A4: =IF(1<=$F$1,1,"") | B4: =IF($A4="","",INDEX('부의금 입력'!$B$2:$B$1001,MATCH($A4,'부의금 입력'!$H$2:$H$1001,0))&"") | C4: =IF($A4="","",INDEX('부의금 입력'!$C$2:$C$1001,MATCH($A4,'부의금 입력'!$H$2:$H$1001,0))) | D4: =IF($A4="","",INDEX('부의금 입력'!$D$2:$D$1001,MATCH($A4,'부의금 입력'!$H$2:$H$1001,0))&"") | E4: =IF($A4="","",INDEX('부의금 입력'!$E$2:$E$1001,MATCH($A4,'부의금 입력'!$H$2:$H$1001,0))&"") | H4: =IF(1>$I$1,"",INDEX('근조 화환'!$B$2:$B$501,MATCH(1,'근조 화환'!$G$2:$G$501,0))&"") | I4: =IF(1>$I$1,"",INDEX('근조 화환'!$C$2:$C$501,MATCH(1,'근조 화환'!$G$2:$G$501,0))&"") | J4: =IF(1>$I$1,"",INDEX('근조 화환'!$D$2:$D$501,MATCH(1,'근조 화환'!$G$2:$G$501,0))&"") | K4: =IF(1>$I$1,"",INDEX('근조 화환'!$E$2:$E$501,MATCH(1,'근조 화환'!$G$2:$G$501,0))&"")
A5: =IF(2<=$F$1,2,"") | B5: =IF($A5="","",INDEX('부의금 입력'!$B$2:$B$1001,MATCH($A5,'부의금 입력'!$H$2:$H$1001,0))&"") | C5: =IF($A5="","",INDEX('부의금 입력'!$C$2:$C$1001,MATCH($A5,'부의금 입력'!$H$2:$H$1001,0))) | D5: =IF($A5="","",INDEX('부의금 입력'!$D$2:$D$1001,MATCH($A5,'부의금 입력'!$H$2:$H$1001,0))&"") | E5: =IF($A5="","",INDEX('부의금 입력'!$E$2:$E$1001,MATCH($A5,'부의금 입력'!$H$2:$H$1001,0))&"") | H5: =IF(2>$I$1,"",INDEX('근조 화환'!$B$2:$B$501,MATCH(2,'근조 화환'!$G$2:$G$501,0))&"") | I5: =IF(2>$I$1,"",INDEX('근조 화환'!$C$2:$C$501,MATCH(2,'근조 화환'!$G$2:$G$501,0))&"") | J5: =IF(2>$I$1,"",INDEX('근조 화환'!$D$2:$D$501,MATCH(2,'근조 화환'!$G$2:$G$501,0))&"") | K5: =IF(2>$I$1,"",INDEX('근조 화환'!$E$2:$E$501,MATCH(2,'근조 화환'!$G$2:$G$501,0))&"")
A6: =IF(3<=$F$1,3,"") | B6: =IF($A6="","",INDEX('부의금 입력'!$B$2:$B$1001,MATCH($A6,'부의금 입력'!$H$2:$H$1001,0))&"") | C6: =IF($A6="","",INDEX('부의금 입력'!$C$2:$C$1001,MATCH($A6,'부의금 입력'!$H$2:$H$1001,0))) | D6: =IF($A6="","",INDEX('부의금 입력'!$D$2:$D$1001,MATCH($A6,'부의금 입력'!$H$2:$H$1001,0))&"") | E6: =IF($A6="","",INDEX('부의금 입력'!$E$2:$E$1001,MATCH($A6,'부의금 입력'!$H$2:$H$1001,0))&"") | H6: =IF(3>$I$1,"",INDEX('근조 화환'!$B$2:$B$501,MATCH(3,'근조 화환'!$G$2:$G$501,0))&"") | I6: =IF(3>$I$1,"",INDEX('근조 화환'!$C$2:$C$501,MATCH(3,'근조 화환'!$G$2:$G$501,0))&"") | J6: =IF(3>$I$1,"",INDEX('근조 화환'!$D$2:$D$501,MATCH(3,'근조 화환'!$G$2:$G$501,0))&"") | K6: =IF(3>$I$1,"",INDEX('근조 화환'!$E$2:$E$501,MATCH(3,'근조 화환'!$G$2:$G$501,0))&"")
A7: =IF(4<=$F$1,4,"") | B7: =IF($A7="","",INDEX('부의금 입력'!$B$2:$B$1001,MATCH($A7,'부의금 입력'!$H$2:$H$1001,0))&"") | C7: =IF($A7="","",INDEX('부의금 입력'!$C$2:$C$1001,MATCH($A7,'부의금 입력'!$H$2:$H$1001,0))) | D7: =IF($A7="","",INDEX('부의금 입력'!$D$2:$D$1001,MATCH($A7,'부의금 입력'!$H$2:$H$1001,0))&"") | E7: =IF($A7="","",INDEX('부의금 입력'!$E$2:$E$1001,MATCH($A7,'부의금 입력'!$H$2:$H$1001,0))&"") | H7: =IF(4>$I$1,"",INDEX('근조 화환'!$B$2:$B$501,MATCH(4,'근조 화환'!$G$2:$G$501,0))&"") | I7: =IF(4>$I$1,"",INDEX('근조 화환'!$C$2:$C$501,MATCH(4,'근조 화환'!$G$2:$G$501,0))&"") | J7: =IF(4>$I$1,"",INDEX('근조 화환'!$D$2:$D$501,MATCH(4,'근조 화환'!$G$2:$G$501,0))&"") | K7: =IF(4>$I$1,"",INDEX('근조 화환'!$E$2:$E$501,MATCH(4,'근조 화환'!$G$2:$G$501,0))&"")
A8: =IF(5<=$F$1,5,"") | B8: =IF($A8="","",INDEX('부의금 입력'!$B$2:$B$1001,MATCH($A8,'부의금 입력'!$H$2:$H$1001,0))&"") | C8: =IF($A8="","",INDEX('부의금 입력'!$C$2:$C$1001,MATCH($A8,'부의금 입력'!$H$2:$H$1001,0))) | D8: =IF($A8="","",INDEX('부의금 입력'!$D$2:$D$1001,MATCH($A8,'부의금 입력'!$H$2:$H$1001,0))&"") | E8: =IF($A8="","",INDEX('부의금 입력'!$E$2:$E$1001,MATCH($A8,'부의금 입력'!$H$2:$H$1001,0))&"") | H8: =IF(5>$I$1,"",INDEX('근조 화환'!$B$2:$B$501,MATCH(5,'근조 화환'!$G$2:$G$501,0))&"") | I8: =IF(5>$I$1,"",INDEX('근조 화환'!$C$2:$C$501,MATCH(5,'근조 화환'!$G$2:$G$501,0))&"") | J8: =IF(5>$I$1,"",INDEX('근조 화환'!$D$2:$D$501,MATCH(5,'근조 화환'!$G$2:$G$501,0))&"") | K8: =IF(5>$I$1,"",INDEX('근조 화환'!$E$2:$E$501,MATCH(5,'근조 화환'!$G$2:$G$501,0))&"")
A9: =IF(6<=$F$1,6,"") | B9: =IF($A9="","",INDEX('부의금 입력'!$B$2:$B$1001,MATCH($A9,'부의금 입력'!$H$2:$H$1001,0))&"") | C9: =IF($A9="","",INDEX('부의금 입력'!$C$2:$C$1001,MATCH($A9,'부의금 입력'!$H$2:$H$1001,0))) | D9: =IF($A9="","",INDEX('부의금 입력'!$D$2:$D$1001,MATCH($A9,'부의금 입력'!$H$2:$H$1001,0))&"") | E9: =IF($A9="","",INDEX('부의금 입력'!$E$2:$E$1001,MATCH($A9,'부의금 입력'!$H$2:$H$1001,0))&"") | H9: =IF(6>$I$1,"",INDEX('근조 화환'!$B$2:$B$501,MATCH(6,'근조 화환'!$G$2:$G$501,0))&"") | I9: =IF(6>$I$1,"",INDEX('근조 화환'!$C$2:$C$501,MATCH(6,'근조 화환'!$G$2:$G$501,0))&"") | J9: =IF(6>$I$1,"",INDEX('근조 화환'!$D$2:$D$501,MATCH(6,'근조 화환'!$G$2:$G$501,0))&"") | K9: =IF(6>$I$1,"",INDEX('근조 화환'!$E$2:$E$501,MATCH(6,'근조 화환'!$G$2:$G$501,0))&"")
A10: =IF(7<=$F$1,7,"") | B10: =IF($A10="","",INDEX('부의금 입력'!$B$2:$B$1001,MATCH($A10,'부의금 입력'!$H$2:$H$1001,0))&"") | C10: =IF($A10="","",INDEX('부의금 입력'!$C$2:$C$1001,MATCH($A10,'부의금 입력'!$H$2:$H$1001,0))) | D10: =IF($A10="","",INDEX('부의금 입력'!$D$2:$D$1001,MATCH($A10,'부의금 입력'!$H$2:$H$1001,0))&"") | E10: =IF($A10="","",INDEX('부의금 입력'!$E$2:$E$1001,MATCH($A10,'부의금 입력'!$H$2:$H$1001,0))&"") | H10: =IF(7>$I$1,"",INDEX('근조 화환'!$B$2:$B$501,MATCH(7,'근조 화환'!$G$2:$G$501,0))&"") | I10: =IF(7>$I$1,"",INDEX('근조 화환'!$C$2:$C$501,MATCH(7,'근조 화환'!$G$2:$G$501,0))&"") | J10: =IF(7>$I$1,"",INDEX('근조 화환'!$D$2:$D$501,MATCH(7,'근조 화환'!$G$2:$G$501,0))&"") | K10: =IF(7>$I$1,"",INDEX('근조 화환'!$E$2:$E$501,MATCH(7,'근조 화환'!$G$2:$G$501,0))&"")
A11: =IF(8<=$F$1,8,"") | B11: =IF($A11="","",INDEX('부의금 입력'!$B$2:$B$1001,MATCH($A11,'부의금 입력'!$H$2:$H$1001,0))&"") | C11: =IF($A11="","",INDEX('부의금 입력'!$C$2:$C$1001,MATCH($A11,'부의금 입력'!$H$2:$H$1001,0))) | D11: =IF($A11="","",INDEX('부의금 입력'!$D$2:$D$1001,MATCH($A11,'부의금 입력'!$H$2:$H$1001,0))&"") | E11: =IF($A11="","",INDEX('부의금 입력'!$E$2:$E$1001,MATCH($A11,'부의금 입력'!$H$2:$H$1001,0))&"") | H11: =IF(8>$I$1,"",INDEX('근조 화환'!$B$2:$B$501,MATCH(8,'근조 화환'!$G$2:$G$501,0))&"") | I11: =IF(8>$I$1,"",INDEX('근조 화환'!$C$2:$C$501,MATCH(8,'근조 화환'!$G$2:$G$501,0))&"") | J11: =IF(8>$I$1,"",INDEX('근조 화환'!$D$2:$D$501,MATCH(8,'근조 화환'!$G$2:$G$501,0))&"") | K11: =IF(8>$I$1,"",INDEX('근조 화환'!$E$2:$E$501,MATCH(8,'근조 화환'!$G$2:$G$501,0))&"")
A12: =IF(9<=$F$1,9,"") | B12: =IF($A12="","",INDEX('부의금 입력'!$B$2:$B$1001,MATCH($A12,'부의금 입력'!$H$2:$H$1001,0))&"") | C12: =IF($A12="","",INDEX('부의금 입력'!$C$2:$C$1001,MATCH($A12,'부의금 입력'!$H$2:$H$1001,0))) | D12: =IF($A12="","",INDEX('부의금 입력'!$D$2:$D$1001,MATCH($A12,'부의금 입력'!$H$2:$H$1001,0))&"") | E12: =IF($A12="","",INDEX('부의금 입력'!$E$2:$E$1001,MATCH($A12,'부의금 입력'!$H$2:$H$1001,0))&"") | H12: =IF(9>$I$1,"",INDEX('근조 화환'!$B$2:$B$501,MATCH(9,'근조 화환'!$G$2:$G$501,0))&"") | I12: =IF(9>$I$1,"",INDEX('근조 화환'!$C$2:$C$501,MATCH(9,'근조 화환'!$G$2:$G$501,0))&"") | J12: =IF(9>$I$1,"",INDEX('근조 화환'!$D$2:$D$501,MATCH(9,'근조 화환'!$G$2:$G$501,0))&"") | K12: =IF(9>$I$1,"",INDEX('근조 화환'!$E$2:$E$501,MATCH(9,'근조 화환'!$G$2:$G$501,0))&"")
A13: =IF(10<=$F$1,10,"") | B13: =IF($A13="","",INDEX('부의금 입력'!$B$2:$B$1001,MATCH($A13,'부의금 입력'!$H$2:$H$1001,0))&"") | C13: =IF($A13="","",INDEX('부의금 입력'!$C$2:$C$1001,MATCH($A13,'부의금 입력'!$H$2:$H$1001,0))) | D13: =IF($A13="","",INDEX('부의금 입력'!$D$2:$D$1001,MATCH($A13,'부의금 입력'!$H$2:$H$1001,0))&"") | E13: =IF($A13="","",INDEX('부의금 입력'!$E$2:$E$1001,MATCH($A13,'부의금 입력'!$H$2:$H$1001,0))&"") | H13: =IF(10>$I$1,"",INDEX('근조 화환'!$B$2:$B$501,MATCH(10,'근조 화환'!$G$2:$G$501,0))&"") | I13: =IF(10>$I$1,"",INDEX('근조 화환'!$C$2:$C$501,MATCH(10,'근조 화환'!$G$2:$G$501,0))&"") | J13: =IF(10>$I$1,"",INDEX('근조 화환'!$D$2:$D$501,MATCH(10,'근조 화환'!$G$2:$G$501,0))&"") | K13: =IF(10>$I$1,"",INDEX('근조 화환'!$E$2:$E$501,MATCH(10,'근조 화환'!$G$2:$G$501,0))&"")
A14: =IF(11<=$F$1,11,"") | B14: =IF($A14="","",INDEX('부의금 입력'!$B$2:$B$1001,MATCH($A14,'부의금 입력'!$H$2:$H$1001,0))&"") | C14: =IF($A14="","",INDEX('부의금 입력'!$C$2:$C$1001,MATCH($A14,'부의금 입력'!$H$2:$H$1001,0))) | D14: =IF($A14="","",INDEX('부의금 입력'!$D$2:$D$1001,MATCH($A14,'부의금 입력'!$H$2:$H$1001,0))&"") | E14: =IF($A14="","",INDEX('부의금 입력'!$E$2:$E$1001,MATCH($A14,'부의금 입력'!$H$2:$H$1001,0))&"") | H14: =IF(11>$I$1,"",INDEX('근조 화환'!$B$2:$B$501,MATCH(11,'근조 화환'!$G$2:$G$501,0))&"") | I14: =IF(11>$I$1,"",INDEX('근조 화환'!$C$2:$C$501,MATCH(11,'근조 화환'!$G$2:$G$501,0))&"") | J14: =IF(11>$I$1,"",INDEX('근조 화환'!$D$2:$D$501,MATCH(11,'근조 화환'!$G$2:$G$501,0))&"") | K14: =IF(11>$I$1,"",INDEX('근조 화환'!$E$2:$E$501,MATCH(11,'근조 화환'!$G$2:$G$501,0))&"")
A15: =IF(12<=$F$1,12,"") | B15: =IF($A15="","",INDEX('부의금 입력'!$B$2:$B$1001,MATCH($A15,'부의금 입력'!$H$2:$H$1001,0))&"") | C15: =IF($A15="","",INDEX('부의금 입력'!$C$2:$C$1001,MATCH($A15,'부의금 입력'!$H$2:$H$1001,0))) | D15: =IF($A15="","",INDEX('부의금 입력'!$D$2:$D$1001,MATCH($A15,'부의금 입력'!$H$2:$H$1001,0))&"") | E15: =IF($A15="","",INDEX('부의금 입력'!$E$2:$E$1001,MATCH($A15,'부의금 입력'!$H$2:$H$1001,0))&"") | H15: =IF(12>$I$1,"",INDEX('근조 화환'!$B$2:$B$501,MATCH(12,'근조 화환'!$G$2:$G$501,0))&"") | I15: =IF(12>$I$1,"",INDEX('근조 화환'!$C$2:$C$501,MATCH(12,'근조 화환'!$G$2:$G$501,0))&"") | J15: =IF(12>$I$1,"",INDEX('근조 화환'!$D$2:$D$501,MATCH(12,'근조 화환'!$G$2:$G$501,0))&"") | K15: =IF(12>$I$1,"",INDEX('근조 화환'!$E$2:$E$501,MATCH(12,'근조 화환'!$G$2:$G$501,0))&"")
A16: =IF(13<=$F$1,13,"") | B16: =IF($A16="","",INDEX('부의금 입력'!$B$2:$B$1001,MATCH($A16,'부의금 입력'!$H$2:$H$1001,0))&"") | C16: =IF($A16="","",INDEX('부의금 입력'!$C$2:$C$1001,MATCH($A16,'부의금 입력'!$H$2:$H$1001,0))) | D16: =IF($A16="","",INDEX('부의금 입력'!$D$2:$D$1001,MATCH($A16,'부의금 입력'!$H$2:$H$1001,0))&"") | E16: =IF($A16="","",INDEX('부의금 입력'!$E$2:$E$1001,MATCH($A16,'부의금 입력'!$H$2:$H$1001,0))&"") | H16: =IF(13>$I$1,"",INDEX('근조 화환'!$B$2:$B$501,MATCH(13,'근조 화환'!$G$2:$G$501,0))&"") | I16: =IF(13>$I$1,"",INDEX('근조 화환'!$C$2:$C$501,MATCH(13,'근조 화환'!$G$2:$G$501,0))&"") | J16: =IF(13>$I$1,"",INDEX('근조 화환'!$D$2:$D$501,MATCH(13,'근조 화환'!$G$2:$G$501,0))&"") | K16: =IF(13>$I$1,"",INDEX('근조 화환'!$E$2:$E$501,MATCH(13,'근조 화환'!$G$2:$G$501,0))&"")
A17: =IF(14<=$F$1,14,"") | B17: =IF($A17="","",INDEX('부의금 입력'!$B$2:$B$1001,MATCH($A17,'부의금 입력'!$H$2:$H$1001,0))&"") | C17: =IF($A17="","",INDEX('부의금 입력'!$C$2:$C$1001,MATCH($A17,'부의금 입력'!$H$2:$H$1001,0))) | D17: =IF($A17="","",INDEX('부의금 입력'!$D$2:$D$1001,MATCH($A17,'부의금 입력'!$H$2:$H$1001,0))&"") | E17: =IF($A17="","",INDEX('부의금 입력'!$E$2:$E$1001,MATCH($A17,'부의금 입력'!$H$2:$H$1001,0))&"") | H17: =IF(14>$I$1,"",INDEX('근조 화환'!$B$2:$B$501,MATCH(14,'근조 화환'!$G$2:$G$501,0))&"") | I17: =IF(14>$I$1,"",INDEX('근조 화환'!$C$2:$C$501,MATCH(14,'근조 화환'!$G$2:$G$501,0))&"") | J17: =IF(14>$I$1,"",INDEX('근조 화환'!$D$2:$D$501,MATCH(14,'근조 화환'!$G$2:$G$501,0))&"") | K17: =IF(14>$I$1,"",INDEX('근조 화환'!$E$2:$E$501,MATCH(14,'근조 화환'!$G$2:$G$501,0))&"")
A18: =IF(15<=$F$1,15,"") | B18: =IF($A18="","",INDEX('부의금 입력'!$B$2:$B$1001,MATCH($A18,'부의금 입력'!$H$2:$H$1001,0))&"") | C18: =IF($A18="","",INDEX('부의금 입력'!$C$2:$C$1001,MATCH($A18,'부의금 입력'!$H$2:$H$1001,0))) | D18: =IF($A18="","",INDEX('부의금 입력'!$D$2:$D$1001,MATCH($A18,'부의금 입력'!$H$2:$H$1001,0))&"") | E18: =IF($A18="","",INDEX('부의금 입력'!$E$2:$E$1001,MATCH($A18,'부의금 입력'!$H$2:$H$1001,0))&"") | H18: =IF(15>$I$1,"",INDEX('근조 화환'!$B$2:$B$501,MATCH(15,'근조 화환'!$G$2:$G$501,0))&"") | I18: =IF(15>$I$1,"",INDEX('근조 화환'!$C$2:$C$501,MATCH(15,'근조 화환'!$G$2:$G$501,0))&"") | J18: =IF(15>$I$1,"",INDEX('근조 화환'!$D$2:$D$501,MATCH(15,'근조 화환'!$G$2:$G$501,0))&"") | K18: =IF(15>$I$1,"",INDEX('근조 화환'!$E$2:$E$501,MATCH(15,'근조 화환'!$G$2:$G$501,0))&"")
A19: =IF(16<=$F$1,16,"") | B19: =IF($A19="","",INDEX('부의금 입력'!$B$2:$B$1001,MATCH($A19,'부의금 입력'!$H$2:$H$1001,0))&"") | C19: =IF($A19="","",INDEX('부의금 입력'!$C$2:$C$1001,MATCH($A19,'부의금 입력'!$H$2:$H$1001,0))) | D19: =IF($A19="","",INDEX('부의금 입력'!$D$2:$D$1001,MATCH($A19,'부의금 입력'!$H$2:$H$1001,0))&"") | E19: =IF($A19="","",INDEX('부의금 입력'!$E$2:$E$1001,MATCH($A19,'부의금 입력'!$H$2:$H$1001,0))&"") | H19: =IF(16>$I$1,"",INDEX('근조 화환'!$B$2:$B$501,MATCH(16,'근조 화환'!$G$2:$G$501,0))&"") | I19: =IF(16>$I$1,"",INDEX('근조 화환'!$C$2:$C$501,MATCH(16,'근조 화환'!$G$2:$G$501,0))&"") | J19: =IF(16>$I$1,"",INDEX('근조 화환'!$D$2:$D$501,MATCH(16,'근조 화환'!$G$2:$G$501,0))&"") | K19: =IF(16>$I$1,"",INDEX('근조 화환'!$E$2:$E$501,MATCH(16,'근조 화환'!$G$2:$G$501,0))&"")
A20: =IF(17<=$F$1,17,"") | B20: =IF($A20="","",INDEX('부의금 입력'!$B$2:$B$1001,MATCH($A20,'부의금 입력'!$H$2:$H$1001,0))&"") | C20: =IF($A20="","",INDEX('부의금 입력'!$C$2:$C$1001,MATCH($A20,'부의금 입력'!$H$2:$H$1001,0))) | D20: =IF($A20="","",INDEX('부의금 입력'!$D$2:$D$1001,MATCH($A20,'부의금 입력'!$H$2:$H$1001,0))&"") | E20: =IF($A20="","",INDEX('부의금 입력'!$E$2:$E$1001,MATCH($A20,'부의금 입력'!$H$2:$H$1001,0))&"") | H20: =IF(17>$I$1,"",INDEX('근조 화환'!$B$2:$B$501,MATCH(17,'근조 화환'!$G$2:$G$501,0))&"") | I20: =IF(17>$I$1,"",INDEX('근조 화환'!$C$2:$C$501,MATCH(17,'근조 화환'!$G$2:$G$501,0))&"") | J20: =IF(17>$I$1,"",INDEX('근조 화환'!$D$2:$D$501,MATCH(17,'근조 화환'!$G$2:$G$501,0))&"") | K20: =IF(17>$I$1,"",INDEX('근조 화환'!$E$2:$E$501,MATCH(17,'근조 화환'!$G$2:$G$501,0))&"")
A21: =IF(18<=$F$1,18,"") | B21: =IF($A21="","",INDEX('부의금 입력'!$B$2:$B$1001,MATCH($A21,'부의금 입력'!$H$2:$H$1001,0))&"") | C21: =IF($A21="","",INDEX('부의금 입력'!$C$2:$C$1001,MATCH($A21,'부의금 입력'!$H$2:$H$1001,0))) | D21: =IF($A21="","",INDEX('부의금 입력'!$D$2:$D$1001,MATCH($A21,'부의금 입력'!$H$2:$H$1001,0))&"") | E21: =IF($A21="","",INDEX('부의금 입력'!$E$2:$E$1001,MATCH($A21,'부의금 입력'!$H$2:$H$1001,0))&"") | H21: =IF(18>$I$1,"",INDEX('근조 화환'!$B$2:$B$501,MATCH(18,'근조 화환'!$G$2:$G$501,0))&"") | I21: =IF(18>$I$1,"",INDEX('근조 화환'!$C$2:$C$501,MATCH(18,'근조 화환'!$G$2:$G$501,0))&"") | J21: =IF(18>$I$1,"",INDEX('근조 화환'!$D$2:$D$501,MATCH(18,'근조 화환'!$G$2:$G$501,0))&"") | K21: =IF(18>$I$1,"",INDEX('근조 화환'!$E$2:$E$501,MATCH(18,'근조 화환'!$G$2:$G$501,0))&"")
A22: =IF(19<=$F$1,19,"") | B22: =IF($A22="","",INDEX('부의금 입력'!$B$2:$B$1001,MATCH($A22,'부의금 입력'!$H$2:$H$1001,0))&"") | C22: =IF($A22="","",INDEX('부의금 입력'!$C$2:$C$1001,MATCH($A22,'부의금 입력'!$H$2:$H$1001,0))) | D22: =IF($A22="","",INDEX('부의금 입력'!$D$2:$D$1001,MATCH($A22,'부의금 입력'!$H$2:$H$1001,0))&"") | E22: =IF($A22="","",INDEX('부의금 입력'!$E$2:$E$1001,MATCH($A22,'부의금 입력'!$H$2:$H$1001,0))&"") | H22: =IF(19>$I$1,"",INDEX('근조 화환'!$B$2:$B$501,MATCH(19,'근조 화환'!$G$2:$G$501,0))&"") | I22: =IF(19>$I$1,"",INDEX('근조 화환'!$C$2:$C$501,MATCH(19,'근조 화환'!$G$2:$G$501,0))&"") | J22: =IF(19>$I$1,"",INDEX('근조 화환'!$D$2:$D$501,MATCH(19,'근조 화환'!$G$2:$G$501,0))&"") | K22: =IF(19>$I$1,"",INDEX('근조 화환'!$E$2:$E$501,MATCH(19,'근조 화환'!$G$2:$G$501,0))&"")
A23: =IF(20<=$F$1,20,"") | B23: =IF($A23="","",INDEX('부의금 입력'!$B$2:$B$1001,MATCH($A23,'부의금 입력'!$H$2:$H$1001,0))&"") | C23: =IF($A23="","",INDEX('부의금 입력'!$C$2:$C$1001,MATCH($A23,'부의금 입력'!$H$2:$H$1001,0))) | D23: =IF($A23="","",INDEX('부의금 입력'!$D$2:$D$1001,MATCH($A23,'부의금 입력'!$H$2:$H$1001,0))&"") | E23: =IF($A23="","",INDEX('부의금 입력'!$E$2:$E$1001,MATCH($A23,'부의금 입력'!$H$2:$H$1001,0))&"") | H23: =IF(20>$I$1,"",INDEX('근조 화환'!$B$2:$B$501,MATCH(20,'근조 화환'!$G$2:$G$501,0))&"") | I23: =IF(20>$I$1,"",INDEX('근조 화환'!$C$2:$C$501,MATCH(20,'근조 화환'!$G$2:$G$501,0))&"") | J23: =IF(20>$I$1,"",INDEX('근조 화환'!$D$2:$D$501,MATCH(20,'근조 화환'!$G$2:$G$501,0))&"") | K23: =IF(20>$I$1,"",INDEX('근조 화환'!$E$2:$E$501,MATCH(20,'근조 화환'!$G$2:$G$501,0))&"")
A24: =IF(21<=$F$1,21,"") | B24: =IF($A24="","",INDEX('부의금 입력'!$B$2:$B$1001,MATCH($A24,'부의금 입력'!$H$2:$H$1001,0))&"") | C24: =IF($A24="","",INDEX('부의금 입력'!$C$2:$C$1001,MATCH($A24,'부의금 입력'!$H$2:$H$1001,0))) | D24: =IF($A24="","",INDEX('부의금 입력'!$D$2:$D$1001,MATCH($A24,'부의금 입력'!$H$2:$H$1001,0))&"") | E24: =IF($A24="","",INDEX('부의금 입력'!$E$2:$E$1001,MATCH($A24,'부의금 입력'!$H$2:$H$1001,0))&"") | H24: =IF(21>$I$1,"",INDEX('근조 화환'!$B$2:$B$501,MATCH(21,'근조 화환'!$G$2:$G$501,0))&"") | I24: =IF(21>$I$1,"",INDEX('근조 화환'!$C$2:$C$501,MATCH(21,'근조 화환'!$G$2:$G$501,0))&"") | J24: =IF(21>$I$1,"",INDEX('근조 화환'!$D$2:$D$501,MATCH(21,'근조 화환'!$G$2:$G$501,0))&"") | K24: =IF(21>$I$1,"",INDEX('근조 화환'!$E$2:$E$501,MATCH(21,'근조 화환'!$G$2:$G$501,0))&"")
A25: =IF(22<=$F$1,22,"") | B25: =IF($A25="","",INDEX('부의금 입력'!$B$2:$B$1001,MATCH($A25,'부의금 입력'!$H$2:$H$1001,0))&"") | C25: =IF($A25="","",INDEX('부의금 입력'!$C$2:$C$1001,MATCH($A25,'부의금 입력'!$H$2:$H$1001,0))) | D25: =IF($A25="","",INDEX('부의금 입력'!$D$2:$D$1001,MATCH($A25,'부의금 입력'!$H$2:$H$1001,0))&"") | E25: =IF($A25="","",INDEX('부의금 입력'!$E$2:$E$1001,MATCH($A25,'부의금 입력'!$H$2:$H$1001,0))&"") | H25: =IF(22>$I$1,"",INDEX('근조 화환'!$B$2:$B$501,MATCH(22,'근조 화환'!$G$2:$G$501,0))&"") | I25: =IF(22>$I$1,"",INDEX('근조 화환'!$C$2:$C$501,MATCH(22,'근조 화환'!$G$2:$G$501,0))&"") | J25: =IF(22>$I$1,"",INDEX('근조 화환'!$D$2:$D$501,MATCH(22,'근조 화환'!$G$2:$G$501,0))&"") | K25: =IF(22>$I$1,"",INDEX('근조 화환'!$E$2:$E$501,MATCH(22,'근조 화환'!$G$2:$G$501,0))&"")
A26: =IF(23<=$F$1,23,"") | B26: =IF($A26="","",INDEX('부의금 입력'!$B$2:$B$1001,MATCH($A26,'부의금 입력'!$H$2:$H$1001,0))&"") | C26: =IF($A26="","",INDEX('부의금 입력'!$C$2:$C$1001,MATCH($A26,'부의금 입력'!$H$2:$H$1001,0))) | D26: =IF($A26="","",INDEX('부의금 입력'!$D$2:$D$1001,MATCH($A26,'부의금 입력'!$H$2:$H$1001,0))&"") | E26: =IF($A26="","",INDEX('부의금 입력'!$E$2:$E$1001,MATCH($A26,'부의금 입력'!$H$2:$H$1001,0))&"") | H26: =IF(23>$I$1,"",INDEX('근조 화환'!$B$2:$B$501,MATCH(23,'근조 화환'!$G$2:$G$501,0))&"") | I26: =IF(23>$I$1,"",INDEX('근조 화환'!$C$2:$C$501,MATCH(23,'근조 화환'!$G$2:$G$501,0))&"") | J26: =IF(23>$I$1,"",INDEX('근조 화환'!$D$2:$D$501,MATCH(23,'근조 화환'!$G$2:$G$501,0))&"") | K26: =IF(23>$I$1,"",INDEX('근조 화환'!$E$2:$E$501,MATCH(23,'근조 화환'!$G$2:$G$501,0))&"")
A27: =IF(24<=$F$1,24,"") | B27: =IF($A27="","",INDEX('부의금 입력'!$B$2:$B$1001,MATCH($A27,'부의금 입력'!$H$2:$H$1001,0))&"") | C27: =IF($A27="","",INDEX('부의금 입력'!$C$2:$C$1001,MATCH($A27,'부의금 입력'!$H$2:$H$1001,0))) | D27: =IF($A27="","",INDEX('부의금 입력'!$D$2:$D$1001,MATCH($A27,'부의금 입력'!$H$2:$H$1001,0))&"") | E27: =IF($A27="","",INDEX('부의금 입력'!$E$2:$E$1001,MATCH($A27,'부의금 입력'!$H$2:$H$1001,0))&"") | H27: =IF(24>$I$1,"",INDEX('근조 화환'!$B$2:$B$501,MATCH(24,'근조 화환'!$G$2:$G$501,0))&"") | I27: =IF(24>$I$1,"",INDEX('근조 화환'!$C$2:$C$501,MATCH(24,'근조 화환'!$G$2:$G$501,0))&"") | J27: =IF(24>$I$1,"",INDEX('근조 화환'!$D$2:$D$501,MATCH(24,'근조 화환'!$G$2:$G$501,0))&"") | K27: =IF(24>$I$1,"",INDEX('근조 화환'!$E$2:$E$501,MATCH(24,'근조 화환'!$G$2:$G$501,0))&"")
A28: =IF(25<=$F$1,25,"") | B28: =IF($A28="","",INDEX('부의금 입력'!$B$2:$B$1001,MATCH($A28,'부의금 입력'!$H$2:$H$1001,0))&"") | C28: =IF($A28="","",INDEX('부의금 입력'!$C$2:$C$1001,MATCH($A28,'부의금 입력'!$H$2:$H$1001,0))) | D28: =IF($A28="","",INDEX('부의금 입력'!$D$2:$D$1001,MATCH($A28,'부의금 입력'!$H$2:$H$1001,0))&"") | E28: =IF($A28="","",INDEX('부의금 입력'!$E$2:$E$1001,MATCH($A28,'부의금 입력'!$H$2:$H$1001,0))&"") | H28: =IF(25>$I$1,"",INDEX('근조 화환'!$B$2:$B$501,MATCH(25,'근조 화환'!$G$2:$G$501,0))&"") | I28: =IF(25>$I$1,"",INDEX('근조 화환'!$C$2:$C$501,MATCH(25,'근조 화환'!$G$2:$G$501,0))&"") | J28: =IF(25>$I$1,"",INDEX('근조 화환'!$D$2:$D$501,MATCH(25,'근조 화환'!$G$2:$G$501,0))&"") | K28: =IF(25>$I$1,"",INDEX('근조 화환'!$E$2:$E$501,MATCH(25,'근조 화환'!$G$2:$G$501,0))&"")
A29: =IF(26<=$F$1,26,"") | B29: =IF($A29="","",INDEX('부의금 입력'!$B$2:$B$1001,MATCH($A29,'부의금 입력'!$H$2:$H$1001,0))&"") | C29: =IF($A29="","",INDEX('부의금 입력'!$C$2:$C$1001,MATCH($A29,'부의금 입력'!$H$2:$H$1001,0))) | D29: =IF($A29="","",INDEX('부의금 입력'!$D$2:$D$1001,MATCH($A29,'부의금 입력'!$H$2:$H$1001,0))&"") | E29: =IF($A29="","",INDEX('부의금 입력'!$E$2:$E$1001,MATCH($A29,'부의금 입력'!$H$2:$H$1001,0))&"") | H29: =IF(26>$I$1,"",INDEX('근조 화환'!$B$2:$B$501,MATCH(26,'근조 화환'!$G$2:$G$501,0))&"") | I29: =IF(26>$I$1,"",INDEX('근조 화환'!$C$2:$C$501,MATCH(26,'근조 화환'!$G$2:$G$501,0))&"") | J29: =IF(26>$I$1,"",INDEX('근조 화환'!$D$2:$D$501,MATCH(26,'근조 화환'!$G$2:$G$501,0))&"") | K29: =IF(26>$I$1,"",INDEX('근조 화환'!$E$2:$E$501,MATCH(26,'근조 화환'!$G$2:$G$501,0))&"")
A30: =IF(27<=$F$1,27,"") | B30: =IF($A30="","",INDEX('부의금 입력'!$B$2:$B$1001,MATCH($A30,'부의금 입력'!$H$2:$H$1001,0))&"") | C30: =IF($A30="","",INDEX('부의금 입력'!$C$2:$C$1001,MATCH($A30,'부의금 입력'!$H$2:$H$1001,0))) | D30: =IF($A30="","",INDEX('부의금 입력'!$D$2:$D$1001,MATCH($A30,'부의금 입력'!$H$2:$H$1001,0))&"") | E30: =IF($A30="","",INDEX('부의금 입력'!$E$2:$E$1001,MATCH($A30,'부의금 입력'!$H$2:$H$1001,0))&"") | H30: =IF(27>$I$1,"",INDEX('근조 화환'!$B$2:$B$501,MATCH(27,'근조 화환'!$G$2:$G$501,0))&"") | I30: =IF(27>$I$1,"",INDEX('근조 화환'!$C$2:$C$501,MATCH(27,'근조 화환'!$G$2:$G$501,0))&"") | J30: =IF(27>$I$1,"",INDEX('근조 화환'!$D$2:$D$501,MATCH(27,'근조 화환'!$G$2:$G$501,0))&"") | K30: =IF(27>$I$1,"",INDEX('근조 화환'!$E$2:$E$501,MATCH(27,'근조 화환'!$G$2:$G$501,0))&"")
A31: =IF(28<=$F$1,28,"") | B31: =IF($A31="","",INDEX('부의금 입력'!$B$2:$B$1001,MATCH($A31,'부의금 입력'!$H$2:$H$1001,0))&"") | C31: =IF($A31="","",INDEX('부의금 입력'!$C$2:$C$1001,MATCH($A31,'부의금 입력'!$H$2:$H$1001,0))) | D31: =IF($A31="","",INDEX('부의금 입력'!$D$2:$D$1001,MATCH($A31,'부의금 입력'!$H$2:$H$1001,0))&"") | E31: =IF($A31="","",INDEX('부의금 입력'!$E$2:$E$1001,MATCH($A31,'부의금 입력'!$H$2:$H$1001,0))&"") | H31: =IF(28>$I$1,"",INDEX('근조 화환'!$B$2:$B$501,MATCH(28,'근조 화환'!$G$2:$G$501,0))&"") | I31: =IF(28>$I$1,"",INDEX('근조 화환'!$C$2:$C$501,MATCH(28,'근조 화환'!$G$2:$G$501,0))&"") | J31: =IF(28>$I$1,"",INDEX('근조 화환'!$D$2:$D$501,MATCH(28,'근조 화환'!$G$2:$G$501,0))&"") | K31: =IF(28>$I$1,"",INDEX('근조 화환'!$E$2:$E$501,MATCH(28,'근조 화환'!$G$2:$G$501,0))&"")
A32: =IF(29<=$F$1,29,"") | B32: =IF($A32="","",INDEX('부의금 입력'!$B$2:$B$1001,MATCH($A32,'부의금 입력'!$H$2:$H$1001,0))&"") | C32: =IF($A32="","",INDEX('부의금 입력'!$C$2:$C$1001,MATCH($A32,'부의금 입력'!$H$2:$H$1001,0))) | D32: =IF($A32="","",INDEX('부의금 입력'!$D$2:$D$1001,MATCH($A32,'부의금 입력'!$H$2:$H$1001,0))&"") | E32: =IF($A32="","",INDEX('부의금 입력'!$E$2:$E$1001,MATCH($A32,'부의금 입력'!$H$2:$H$1001,0))&"") | H32: =IF(29>$I$1,"",INDEX('근조 화환'!$B$2:$B$501,MATCH(29,'근조 화환'!$G$2:$G$501,0))&"") | I32: =IF(29>$I$1,"",INDEX('근조 화환'!$C$2:$C$501,MATCH(29,'근조 화환'!$G$2:$G$501,0))&"") | J32: =IF(29>$I$1,"",INDEX('근조 화환'!$D$2:$D$501,MATCH(29,'근조 화환'!$G$2:$G$501,0))&"") | K32: =IF(29>$I$1,"",INDEX('근조 화환'!$E$2:$E$501,MATCH(29,'근조 화환'!$G$2:$G$501,0))&"")
A33: =IF(30<=$F$1,30,"") | B33: =IF($A33="","",INDEX('부의금 입력'!$B$2:$B$1001,MATCH($A33,'부의금 입력'!$H$2:$H$1001,0))&"") | C33: =IF($A33="","",INDEX('부의금 입력'!$C$2:$C$1001,MATCH($A33,'부의금 입력'!$H$2:$H$1001,0))) | D33: =IF($A33="","",INDEX('부의금 입력'!$D$2:$D$1001,MATCH($A33,'부의금 입력'!$H$2:$H$1001,0))&"") | E33: =IF($A33="","",INDEX('부의금 입력'!$E$2:$E$1001,MATCH($A33,'부의금 입력'!$H$2:$H$1001,0))&"") | H33: =IF(30>$I$1,"",INDEX('근조 화환'!$B$2:$B$501,MATCH(30,'근조 화환'!$G$2:$G$501,0))&"") | I33: =IF(30>$I$1,"",INDEX('근조 화환'!$C$2:$C$501,MATCH(30,'근조 화환'!$G$2:$G$501,0))&"") | J33: =IF(30>$I$1,"",INDEX('근조 화환'!$D$2:$D$501,MATCH(30,'근조 화환'!$G$2:$G$501,0))&"") | K33: =IF(30>$I$1,"",INDEX('근조 화환'!$E$2:$E$501,MATCH(30,'근조 화환'!$G$2:$G$501,0))&"")
A34: =IF(31<=$F$1,31,"") | B34: =IF($A34="","",INDEX('부의금 입력'!$B$2:$B$1001,MATCH($A34,'부의금 입력'!$H$2:$H$1001,0))&"") | C34: =IF($A34="","",INDEX('부의금 입력'!$C$2:$C$1001,MATCH($A34,'부의금 입력'!$H$2:$H$1001,0))) | D34: =IF($A34="","",INDEX('부의금 입력'!$D$2:$D$1001,MATCH($A34,'부의금 입력'!$H$2:$H$1001,0))&"") | E34: =IF($A34="","",INDEX('부의금 입력'!$E$2:$E$1001,MATCH($A34,'부의금 입력'!$H$2:$H$1001,0))&"") | H34: =IF(31>$I$1,"",INDEX('근조 화환'!$B$2:$B$501,MATCH(31,'근조 화환'!$G$2:$G$501,0))&"") | I34: =IF(31>$I$1,"",INDEX('근조 화환'!$C$2:$C$501,MATCH(31,'근조 화환'!$G$2:$G$501,0))&"") | J34: =IF(31>$I$1,"",INDEX('근조 화환'!$D$2:$D$501,MATCH(31,'근조 화환'!$G$2:$G$501,0))&"") | K34: =IF(31>$I$1,"",INDEX('근조 화환'!$E$2:$E$501,MATCH(31,'근조 화환'!$G$2:$G$501,0))&"")
A35: =IF(32<=$F$1,32,"") | B35: =IF($A35="","",INDEX('부의금 입력'!$B$2:$B$1001,MATCH($A35,'부의금 입력'!$H$2:$H$1001,0))&"") | C35: =IF($A35="","",INDEX('부의금 입력'!$C$2:$C$1001,MATCH($A35,'부의금 입력'!$H$2:$H$1001,0))) | D35: =IF($A35="","",INDEX('부의금 입력'!$D$2:$D$1001,MATCH($A35,'부의금 입력'!$H$2:$H$1001,0))&"") | E35: =IF($A35="","",INDEX('부의금 입력'!$E$2:$E$1001,MATCH($A35,'부의금 입력'!$H$2:$H$1001,0))&"") | H35: =IF(32>$I$1,"",INDEX('근조 화환'!$B$2:$B$501,MATCH(32,'근조 화환'!$G$2:$G$501,0))&"") | I35: =IF(32>$I$1,"",INDEX('근조 화환'!$C$2:$C$501,MATCH(32,'근조 화환'!$G$2:$G$501,0))&"") | J35: =IF(32>$I$1,"",INDEX('근조 화환'!$D$2:$D$501,MATCH(32,'근조 화환'!$G$2:$G$501,0))&"") | K35: =IF(32>$I$1,"",INDEX('근조 화환'!$E$2:$E$501,MATCH(32,'근조 화환'!$G$2:$G$501,0))&"")
A36: =IF(33<=$F$1,33,"") | B36: =IF($A36="","",INDEX('부의금 입력'!$B$2:$B$1001,MATCH($A36,'부의금 입력'!$H$2:$H$1001,0))&"") | C36: =IF($A36="","",INDEX('부의금 입력'!$C$2:$C$1001,MATCH($A36,'부의금 입력'!$H$2:$H$1001,0))) | D36: =IF($A36="","",INDEX('부의금 입력'!$D$2:$D$1001,MATCH($A36,'부의금 입력'!$H$2:$H$1001,0))&"") | E36: =IF($A36="","",INDEX('부의금 입력'!$E$2:$E$1001,MATCH($A36,'부의금 입력'!$H$2:$H$1001,0))&"") | H36: =IF(33>$I$1,"",INDEX('근조 화환'!$B$2:$B$501,MATCH(33,'근조 화환'!$G$2:$G$501,0))&"") | I36: =IF(33>$I$1,"",INDEX('근조 화환'!$C$2:$C$501,MATCH(33,'근조 화환'!$G$2:$G$501,0))&"") | J36: =IF(33>$I$1,"",INDEX('근조 화환'!$D$2:$D$501,MATCH(33,'근조 화환'!$G$2:$G$501,0))&"") | K36: =IF(33>$I$1,"",INDEX('근조 화환'!$E$2:$E$501,MATCH(33,'근조 화환'!$G$2:$G$501,0))&"")
A37: =IF(34<=$F$1,34,"") | B37: =IF($A37="","",INDEX('부의금 입력'!$B$2:$B$1001,MATCH($A37,'부의금 입력'!$H$2:$H$1001,0))&"") | C37: =IF($A37="","",INDEX('부의금 입력'!$C$2:$C$1001,MATCH($A37,'부의금 입력'!$H$2:$H$1001,0))) | D37: =IF($A37="","",INDEX('부의금 입력'!$D$2:$D$1001,MATCH($A37,'부의금 입력'!$H$2:$H$1001,0))&"") | E37: =IF($A37="","",INDEX('부의금 입력'!$E$2:$E$1001,MATCH($A37,'부의금 입력'!$H$2:$H$1001,0))&"") | H37: =IF(34>$I$1,"",INDEX('근조 화환'!$B$2:$B$501,MATCH(34,'근조 화환'!$G$2:$G$501,0))&"") | I37: =IF(34>$I$1,"",INDEX('근조 화환'!$C$2:$C$501,MATCH(34,'근조 화환'!$G$2:$G$501,0))&"") | J37: =IF(34>$I$1,"",INDEX('근조 화환'!$D$2:$D$501,MATCH(34,'근조 화환'!$G$2:$G$501,0))&"") | K37: =IF(34>$I$1,"",INDEX('근조 화환'!$E$2:$E$501,MATCH(34,'근조 화환'!$G$2:$G$501,0))&"")
A38: =IF(35<=$F$1,35,"") | B38: =IF($A38="","",INDEX('부의금 입력'!$B$2:$B$1001,MATCH($A38,'부의금 입력'!$H$2:$H$1001,0))&"") | C38: =IF($A38="","",INDEX('부의금 입력'!$C$2:$C$1001,MATCH($A38,'부의금 입력'!$H$2:$H$1001,0))) | D38: =IF($A38="","",INDEX('부의금 입력'!$D$2:$D$1001,MATCH($A38,'부의금 입력'!$H$2:$H$1001,0))&"") | E38: =IF($A38="","",INDEX('부의금 입력'!$E$2:$E$1001,MATCH($A38,'부의금 입력'!$H$2:$H$1001,0))&"") | H38: =IF(35>$I$1,"",INDEX('근조 화환'!$B$2:$B$501,MATCH(35,'근조 화환'!$G$2:$G$501,0))&"") | I38: =IF(35>$I$1,"",INDEX('근조 화환'!$C$2:$C$501,MATCH(35,'근조 화환'!$G$2:$G$501,0))&"") | J38: =IF(35>$I$1,"",INDEX('근조 화환'!$D$2:$D$501,MATCH(35,'근조 화환'!$G$2:$G$501,0))&"") | K38: =IF(35>$I$1,"",INDEX('근조 화환'!$E$2:$E$501,MATCH(35,'근조 화환'!$G$2:$G$501,0))&"")
A39: =IF(36<=$F$1,36,"") | B39: =IF($A39="","",INDEX('부의금 입력'!$B$2:$B$1001,MATCH($A39,'부의금 입력'!$H$2:$H$1001,0))&"") | C39: =IF($A39="","",INDEX('부의금 입력'!$C$2:$C$1001,MATCH($A39,'부의금 입력'!$H$2:$H$1001,0))) | D39: =IF($A39="","",INDEX('부의금 입력'!$D$2:$D$1001,MATCH($A39,'부의금 입력'!$H$2:$H$1001,0))&"") | E39: =IF($A39="","",INDEX('부의금 입력'!$E$2:$E$1001,MATCH($A39,'부의금 입력'!$H$2:$H$1001,0))&"") | H39: =IF(36>$I$1,"",INDEX('근조 화환'!$B$2:$B$501,MATCH(36,'근조 화환'!$G$2:$G$501,0))&"") | I39: =IF(36>$I$1,"",INDEX('근조 화환'!$C$2:$C$501,MATCH(36,'근조 화환'!$G$2:$G$501,0))&"") | J39: =IF(36>$I$1,"",INDEX('근조 화환'!$D$2:$D$501,MATCH(36,'근조 화환'!$G$2:$G$501,0))&"") | K39: =IF(36>$I$1,"",INDEX('근조 화환'!$E$2:$E$501,MATCH(36,'근조 화환'!$G$2:$G$501,0))&"")
A40: =IF(37<=$F$1,37,"") | B40: =IF($A40="","",INDEX('부의금 입력'!$B$2:$B$1001,MATCH($A40,'부의금 입력'!$H$2:$H$1001,0))&"") | C40: =IF($A40="","",INDEX('부의금 입력'!$C$2:$C$1001,MATCH($A40,'부의금 입력'!$H$2:$H$1001,0))) | D40: =IF($A40="","",INDEX('부의금 입력'!$D$2:$D$1001,MATCH($A40,'부의금 입력'!$H$2:$H$1001,0))&"") | E40: =IF($A40="","",INDEX('부의금 입력'!$E$2:$E$1001,MATCH($A40,'부의금 입력'!$H$2:$H$1001,0))&"") | H40: =IF(37>$I$1,"",INDEX('근조 화환'!$B$2:$B$501,MATCH(37,'근조 화환'!$G$2:$G$501,0))&"") | I40: =IF(37>$I$1,"",INDEX('근조 화환'!$C$2:$C$501,MATCH(37,'근조 화환'!$G$2:$G$501,0))&"") | J40: =IF(37>$I$1,"",INDEX('근조 화환'!$D$2:$D$501,MATCH(37,'근조 화환'!$G$2:$G$501,0))&"") | K40: =IF(37>$I$1,"",INDEX('근조 화환'!$E$2:$E$501,MATCH(37,'근조 화환'!$G$2:$G$501,0))&"")
A41: =IF(38<=$F$1,38,"") | B41: =IF($A41="","",INDEX('부의금 입력'!$B$2:$B$1001,MATCH($A41,'부의금 입력'!$H$2:$H$1001,0))&"") | C41: =IF($A41="","",INDEX('부의금 입력'!$C$2:$C$1001,MATCH($A41,'부의금 입력'!$H$2:$H$1001,0))) | D41: =IF($A41="","",INDEX('부의금 입력'!$D$2:$D$1001,MATCH($A41,'부의금 입력'!$H$2:$H$1001,0))&"") | E41: =IF($A41="","",INDEX('부의금 입력'!$E$2:$E$1001,MATCH($A41,'부의금 입력'!$H$2:$H$1001,0))&"") | H41: =IF(38>$I$1,"",INDEX('근조 화환'!$B$2:$B$501,MATCH(38,'근조 화환'!$G$2:$G$501,0))&"") | I41: =IF(38>$I$1,"",INDEX('근조 화환'!$C$2:$C$501,MATCH(38,'근조 화환'!$G$2:$G$501,0))&"") | J41: =IF(38>$I$1,"",INDEX('근조 화환'!$D$2:$D$501,MATCH(38,'근조 화환'!$G$2:$G$501,0))&"") | K41: =IF(38>$I$1,"",INDEX('근조 화환'!$E$2:$E$501,MATCH(38,'근조 화환'!$G$2:$G$501,0))&"")
A42: =IF(39<=$F$1,39,"") | B42: =IF($A42="","",INDEX('부의금 입력'!$B$2:$B$1001,MATCH($A42,'부의금 입력'!$H$2:$H$1001,0))&"") | C42: =IF($A42="","",INDEX('부의금 입력'!$C$2:$C$1001,MATCH($A42,'부의금 입력'!$H$2:$H$1001,0))) | D42: =IF($A42="","",INDEX('부의금 입력'!$D$2:$D$1001,MATCH($A42,'부의금 입력'!$H$2:$H$1001,0))&"") | E42: =IF($A42="","",INDEX('부의금 입력'!$E$2:$E$1001,MATCH($A42,'부의금 입력'!$H$2:$H$1001,0))&"") | H42: =IF(39>$I$1,"",INDEX('근조 화환'!$B$2:$B$501,MATCH(39,'근조 화환'!$G$2:$G$501,0))&"") | I42: =IF(39>$I$1,"",INDEX('근조 화환'!$C$2:$C$501,MATCH(39,'근조 화환'!$G$2:$G$501,0))&"") | J42: =IF(39>$I$1,"",INDEX('근조 화환'!$D$2:$D$501,MATCH(39,'근조 화환'!$G$2:$G$501,0))&"") | K42: =IF(39>$I$1,"",INDEX('근조 화환'!$E$2:$E$501,MATCH(39,'근조 화환'!$G$2:$G$501,0))&"")
A43: =IF(40<=$F$1,40,"") | B43: =IF($A43="","",INDEX('부의금 입력'!$B$2:$B$1001,MATCH($A43,'부의금 입력'!$H$2:$H$1001,0))&"") | C43: =IF($A43="","",INDEX('부의금 입력'!$C$2:$C$1001,MATCH($A43,'부의금 입력'!$H$2:$H$1001,0))) | D43: =IF($A43="","",INDEX('부의금 입력'!$D$2:$D$1001,MATCH($A43,'부의금 입력'!$H$2:$H$1001,0))&"") | E43: =IF($A43="","",INDEX('부의금 입력'!$E$2:$E$1001,MATCH($A43,'부의금 입력'!$H$2:$H$1001,0))&"") | H43: =IF(40>$I$1,"",INDEX('근조 화환'!$B$2:$B$501,MATCH(40,'근조 화환'!$G$2:$G$501,0))&"") | I43: =IF(40>$I$1,"",INDEX('근조 화환'!$C$2:$C$501,MATCH(40,'근조 화환'!$G$2:$G$501,0))&"") | J43: =IF(40>$I$1,"",INDEX('근조 화환'!$D$2:$D$501,MATCH(40,'근조 화환'!$G$2:$G$501,0))&"") | K43: =IF(40>$I$1,"",INDEX('근조 화환'!$E$2:$E$501,MATCH(40,'근조 화환'!$G$2:$G$501,0))&"")
A44: =IF(41<=$F$1,41,"") | B44: =IF($A44="","",INDEX('부의금 입력'!$B$2:$B$1001,MATCH($A44,'부의금 입력'!$H$2:$H$1001,0))&"") | C44: =IF($A44="","",INDEX('부의금 입력'!$C$2:$C$1001,MATCH($A44,'부의금 입력'!$H$2:$H$1001,0))) | D44: =IF($A44="","",INDEX('부의금 입력'!$D$2:$D$1001,MATCH($A44,'부의금 입력'!$H$2:$H$1001,0))&"") | E44: =IF($A44="","",INDEX('부의금 입력'!$E$2:$E$1001,MATCH($A44,'부의금 입력'!$H$2:$H$1001,0))&"") | H44: =IF(41>$I$1,"",INDEX('근조 화환'!$B$2:$B$501,MATCH(41,'근조 화환'!$G$2:$G$501,0))&"") | I44: =IF(41>$I$1,"",INDEX('근조 화환'!$C$2:$C$501,MATCH(41,'근조 화환'!$G$2:$G$501,0))&"") | J44: =IF(41>$I$1,"",INDEX('근조 화환'!$D$2:$D$501,MATCH(41,'근조 화환'!$G$2:$G$501,0))&"") | K44: =IF(41>$I$1,"",INDEX('근조 화환'!$E$2:$E$501,MATCH(41,'근조 화환'!$G$2:$G$501,0))&"")
A45: =IF(42<=$F$1,42,"") | B45: =IF($A45="","",INDEX('부의금 입력'!$B$2:$B$1001,MATCH($A45,'부의금 입력'!$H$2:$H$1001,0))&"") | C45: =IF($A45="","",INDEX('부의금 입력'!$C$2:$C$1001,MATCH($A45,'부의금 입력'!$H$2:$H$1001,0))) | D45: =IF($A45="","",INDEX('부의금 입력'!$D$2:$D$1001,MATCH($A45,'부의금 입력'!$H$2:$H$1001,0))&"") | E45: =IF($A45="","",INDEX('부의금 입력'!$E$2:$E$1001,MATCH($A45,'부의금 입력'!$H$2:$H$1001,0))&"") | H45: =IF(42>$I$1,"",INDEX('근조 화환'!$B$2:$B$501,MATCH(42,'근조 화환'!$G$2:$G$501,0))&"") | I45: =IF(42>$I$1,"",INDEX('근조 화환'!$C$2:$C$501,MATCH(42,'근조 화환'!$G$2:$G$501,0))&"") | J45: =IF(42>$I$1,"",INDEX('근조 화환'!$D$2:$D$501,MATCH(42,'근조 화환'!$G$2:$G$501,0))&"") | K45: =IF(42>$I$1,"",INDEX('근조 화환'!$E$2:$E$501,MATCH(42,'근조 화환'!$G$2:$G$501,0))&"")
A46: =IF(43<=$F$1,43,"") | B46: =IF($A46="","",INDEX('부의금 입력'!$B$2:$B$1001,MATCH($A46,'부의금 입력'!$H$2:$H$1001,0))&"") | C46: =IF($A46="","",INDEX('부의금 입력'!$C$2:$C$1001,MATCH($A46,'부의금 입력'!$H$2:$H$1001,0))) | D46: =IF($A46="","",INDEX('부의금 입력'!$D$2:$D$1001,MATCH($A46,'부의금 입력'!$H$2:$H$1001,0))&"") | E46: =IF($A46="","",INDEX('부의금 입력'!$E$2:$E$1001,MATCH($A46,'부의금 입력'!$H$2:$H$1001,0))&"") | H46: =IF(43>$I$1,"",INDEX('근조 화환'!$B$2:$B$501,MATCH(43,'근조 화환'!$G$2:$G$501,0))&"") | I46: =IF(43>$I$1,"",INDEX('근조 화환'!$C$2:$C$501,MATCH(43,'근조 화환'!$G$2:$G$501,0))&"") | J46: =IF(43>$I$1,"",INDEX('근조 화환'!$D$2:$D$501,MATCH(43,'근조 화환'!$G$2:$G$501,0))&"") | K46: =IF(43>$I$1,"",INDEX('근조 화환'!$E$2:$E$501,MATCH(43,'근조 화환'!$G$2:$G$501,0))&"")
A47: =IF(44<=$F$1,44,"") | B47: =IF($A47="","",INDEX('부의금 입력'!$B$2:$B$1001,MATCH($A47,'부의금 입력'!$H$2:$H$1001,0))&"") | C47: =IF($A47="","",INDEX('부의금 입력'!$C$2:$C$1001,MATCH($A47,'부의금 입력'!$H$2:$H$1001,0))) | D47: =IF($A47="","",INDEX('부의금 입력'!$D$2:$D$1001,MATCH($A47,'부의금 입력'!$H$2:$H$1001,0))&"") | E47: =IF($A47="","",INDEX('부의금 입력'!$E$2:$E$1001,MATCH($A47,'부의금 입력'!$H$2:$H$1001,0))&"") | H47: =IF(44>$I$1,"",INDEX('근조 화환'!$B$2:$B$501,MATCH(44,'근조 화환'!$G$2:$G$501,0))&"") | I47: =IF(44>$I$1,"",INDEX('근조 화환'!$C$2:$C$501,MATCH(44,'근조 화환'!$G$2:$G$501,0))&"") | J47: =IF(44>$I$1,"",INDEX('근조 화환'!$D$2:$D$501,MATCH(44,'근조 화환'!$G$2:$G$501,0))&"") | K47: =IF(44>$I$1,"",INDEX('근조 화환'!$E$2:$E$501,MATCH(44,'근조 화환'!$G$2:$G$501,0))&"")
A48: =IF(45<=$F$1,45,"") | B48: =IF($A48="","",INDEX('부의금 입력'!$B$2:$B$1001,MATCH($A48,'부의금 입력'!$H$2:$H$1001,0))&"") | C48: =IF($A48="","",INDEX('부의금 입력'!$C$2:$C$1001,MATCH($A48,'부의금 입력'!$H$2:$H$1001,0))) | D48: =IF($A48="","",INDEX('부의금 입력'!$D$2:$D$1001,MATCH($A48,'부의금 입력'!$H$2:$H$1001,0))&"") | E48: =IF($A48="","",INDEX('부의금 입력'!$E$2:$E$1001,MATCH($A48,'부의금 입력'!$H$2:$H$1001,0))&"") | H48: =IF(45>$I$1,"",INDEX('근조 화환'!$B$2:$B$501,MATCH(45,'근조 화환'!$G$2:$G$501,0))&"") | I48: =IF(45>$I$1,"",INDEX('근조 화환'!$C$2:$C$501,MATCH(45,'근조 화환'!$G$2:$G$501,0))&"") | J48: =IF(45>$I$1,"",INDEX('근조 화환'!$D$2:$D$501,MATCH(45,'근조 화환'!$G$2:$G$501,0))&"") | K48: =IF(45>$I$1,"",INDEX('근조 화환'!$E$2:$E$501,MATCH(45,'근조 화환'!$G$2:$G$501,0))&"")
A49: =IF(46<=$F$1,46,"") | B49: =IF($A49="","",INDEX('부의금 입력'!$B$2:$B$1001,MATCH($A49,'부의금 입력'!$H$2:$H$1001,0))&"") | C49: =IF($A49="","",INDEX('부의금 입력'!$C$2:$C$1001,MATCH($A49,'부의금 입력'!$H$2:$H$1001,0))) | D49: =IF($A49="","",INDEX('부의금 입력'!$D$2:$D$1001,MATCH($A49,'부의금 입력'!$H$2:$H$1001,0))&"") | E49: =IF($A49="","",INDEX('부의금 입력'!$E$2:$E$1001,MATCH($A49,'부의금 입력'!$H$2:$H$1001,0))&"") | H49: =IF(46>$I$1,"",INDEX('근조 화환'!$B$2:$B$501,MATCH(46,'근조 화환'!$G$2:$G$501,0))&"") | I49: =IF(46>$I$1,"",INDEX('근조 화환'!$C$2:$C$501,MATCH(46,'근조 화환'!$G$2:$G$501,0))&"") | J49: =IF(46>$I$1,"",INDEX('근조 화환'!$D$2:$D$501,MATCH(46,'근조 화환'!$G$2:$G$501,0))&"") | K49: =IF(46>$I$1,"",INDEX('근조 화환'!$E$2:$E$501,MATCH(46,'근조 화환'!$G$2:$G$501,0))&"")
A50: =IF(47<=$F$1,47,"") | B50: =IF($A50="","",INDEX('부의금 입력'!$B$2:$B$1001,MATCH($A50,'부의금 입력'!$H$2:$H$1001,0))&"") | C50: =IF($A50="","",INDEX('부의금 입력'!$C$2:$C$1001,MATCH($A50,'부의금 입력'!$H$2:$H$1001,0))) | D50: =IF($A50="","",INDEX('부의금 입력'!$D$2:$D$1001,MATCH($A50,'부의금 입력'!$H$2:$H$1001,0))&"") | E50: =IF($A50="","",INDEX('부의금 입력'!$E$2:$E$1001,MATCH($A50,'부의금 입력'!$H$2:$H$1001,0))&"") | H50: =IF(47>$I$1,"",INDEX('근조 화환'!$B$2:$B$501,MATCH(47,'근조 화환'!$G$2:$G$501,0))&"") | I50: =IF(47>$I$1,"",INDEX('근조 화환'!$C$2:$C$501,MATCH(47,'근조 화환'!$G$2:$G$501,0))&"") | J50: =IF(47>$I$1,"",INDEX('근조 화환'!$D$2:$D$501,MATCH(47,'근조 화환'!$G$2:$G$501,0))&"") | K50: =IF(47>$I$1,"",INDEX('근조 화환'!$E$2:$E$501,MATCH(47,'근조 화환'!$G$2:$G$501,0))&"")
A51: =IF(48<=$F$1,48,"") | B51: =IF($A51="","",INDEX('부의금 입력'!$B$2:$B$1001,MATCH($A51,'부의금 입력'!$H$2:$H$1001,0))&"") | C51: =IF($A51="","",INDEX('부의금 입력'!$C$2:$C$1001,MATCH($A51,'부의금 입력'!$H$2:$H$1001,0))) | D51: =IF($A51="","",INDEX('부의금 입력'!$D$2:$D$1001,MATCH($A51,'부의금 입력'!$H$2:$H$1001,0))&"") | E51: =IF($A51="","",INDEX('부의금 입력'!$E$2:$E$1001,MATCH($A51,'부의금 입력'!$H$2:$H$1001,0))&"") | H51: =IF(48>$I$1,"",INDEX('근조 화환'!$B$2:$B$501,MATCH(48,'근조 화환'!$G$2:$G$501,0))&"") | I51: =IF(48>$I$1,"",INDEX('근조 화환'!$C$2:$C$501,MATCH(48,'근조 화환'!$G$2:$G$501,0))&"") | J51: =IF(48>$I$1,"",INDEX('근조 화환'!$D$2:$D$501,MATCH(48,'근조 화환'!$G$2:$G$501,0))&"") | K51: =IF(48>$I$1,"",INDEX('근조 화환'!$E$2:$E$501,MATCH(48,'근조 화환'!$G$2:$G$501,0))&"")
A52: =IF(49<=$F$1,49,"") | B52: =IF($A52="","",INDEX('부의금 입력'!$B$2:$B$1001,MATCH($A52,'부의금 입력'!$H$2:$H$1001,0))&"") | C52: =IF($A52="","",INDEX('부의금 입력'!$C$2:$C$1001,MATCH($A52,'부의금 입력'!$H$2:$H$1001,0))) | D52: =IF($A52="","",INDEX('부의금 입력'!$D$2:$D$1001,MATCH($A52,'부의금 입력'!$H$2:$H$1001,0))&"") | E52: =IF($A52="","",INDEX('부의금 입력'!$E$2:$E$1001,MATCH($A52,'부의금 입력'!$H$2:$H$1001,0))&"") | H52: =IF(49>$I$1,"",INDEX('근조 화환'!$B$2:$B$501,MATCH(49,'근조 화환'!$G$2:$G$501,0))&"") | I52: =IF(49>$I$1,"",INDEX('근조 화환'!$C$2:$C$501,MATCH(49,'근조 화환'!$G$2:$G$501,0))&"") | J52: =IF(49>$I$1,"",INDEX('근조 화환'!$D$2:$D$501,MATCH(49,'근조 화환'!$G$2:$G$501,0))&"") | K52: =IF(49>$I$1,"",INDEX('근조 화환'!$E$2:$E$501,MATCH(49,'근조 화환'!$G$2:$G$501,0))&"")
A53: =IF(50<=$F$1,50,"") | B53: =IF($A53="","",INDEX('부의금 입력'!$B$2:$B$1001,MATCH($A53,'부의금 입력'!$H$2:$H$1001,0))&"") | C53: =IF($A53="","",INDEX('부의금 입력'!$C$2:$C$1001,MATCH($A53,'부의금 입력'!$H$2:$H$1001,0))) | D53: =IF($A53="","",INDEX('부의금 입력'!$D$2:$D$1001,MATCH($A53,'부의금 입력'!$H$2:$H$1001,0))&"") | E53: =IF($A53="","",INDEX('부의금 입력'!$E$2:$E$1001,MATCH($A53,'부의금 입력'!$H$2:$H$1001,0))&"") | H53: =IF(50>$I$1,"",INDEX('근조 화환'!$B$2:$B$501,MATCH(50,'근조 화환'!$G$2:$G$501,0))&"") | I53: =IF(50>$I$1,"",INDEX('근조 화환'!$C$2:$C$501,MATCH(50,'근조 화환'!$G$2:$G$501,0))&"") | J53: =IF(50>$I$1,"",INDEX('근조 화환'!$D$2:$D$501,MATCH(50,'근조 화환'!$G$2:$G$501,0))&"") | K53: =IF(50>$I$1,"",INDEX('근조 화환'!$E$2:$E$501,MATCH(50,'근조 화환'!$G$2:$G$501,0))&"")
A54: =IF(51<=$F$1,51,"") | B54: =IF($A54="","",INDEX('부의금 입력'!$B$2:$B$1001,MATCH($A54,'부의금 입력'!$H$2:$H$1001,0))&"") | C54: =IF($A54="","",INDEX('부의금 입력'!$C$2:$C$1001,MATCH($A54,'부의금 입력'!$H$2:$H$1001,0))) | D54: =IF($A54="","",INDEX('부의금 입력'!$D$2:$D$1001,MATCH($A54,'부의금 입력'!$H$2:$H$1001,0))&"") | E54: =IF($A54="","",INDEX('부의금 입력'!$E$2:$E$1001,MATCH($A54,'부의금 입력'!$H$2:$H$1001,0))&"") | H54: =IF(51>$I$1,"",INDEX('근조 화환'!$B$2:$B$501,MATCH(51,'근조 화환'!$G$2:$G$501,0))&"") | I54: =IF(51>$I$1,"",INDEX('근조 화환'!$C$2:$C$501,MATCH(51,'근조 화환'!$G$2:$G$501,0))&"") | J54: =IF(51>$I$1,"",INDEX('근조 화환'!$D$2:$D$501,MATCH(51,'근조 화환'!$G$2:$G$501,0))&"") | K54: =IF(51>$I$1,"",INDEX('근조 화환'!$E$2:$E$501,MATCH(51,'근조 화환'!$G$2:$G$501,0))&"")
A55: =IF(52<=$F$1,52,"") | B55: =IF($A55="","",INDEX('부의금 입력'!$B$2:$B$1001,MATCH($A55,'부의금 입력'!$H$2:$H$1001,0))&"") | C55: =IF($A55="","",INDEX('부의금 입력'!$C$2:$C$1001,MATCH($A55,'부의금 입력'!$H$2:$H$1001,0))) | D55: =IF($A55="","",INDEX('부의금 입력'!$D$2:$D$1001,MATCH($A55,'부의금 입력'!$H$2:$H$1001,0))&"") | E55: =IF($A55="","",INDEX('부의금 입력'!$E$2:$E$1001,MATCH($A55,'부의금 입력'!$H$2:$H$1001,0))&"") | H55: =IF(52>$I$1,"",INDEX('근조 화환'!$B$2:$B$501,MATCH(52,'근조 화환'!$G$2:$G$501,0))&"") | I55: =IF(52>$I$1,"",INDEX('근조 화환'!$C$2:$C$501,MATCH(52,'근조 화환'!$G$2:$G$501,0))&"") | J55: =IF(52>$I$1,"",INDEX('근조 화환'!$D$2:$D$501,MATCH(52,'근조 화환'!$G$2:$G$501,0))&"") | K55: =IF(52>$I$1,"",INDEX('근조 화환'!$E$2:$E$501,MATCH(52,'근조 화환'!$G$2:$G$501,0))&"")
A56: =IF(53<=$F$1,53,"") | B56: =IF($A56="","",INDEX('부의금 입력'!$B$2:$B$1001,MATCH($A56,'부의금 입력'!$H$2:$H$1001,0))&"") | C56: =IF($A56="","",INDEX('부의금 입력'!$C$2:$C$1001,MATCH($A56,'부의금 입력'!$H$2:$H$1001,0))) | D56: =IF($A56="","",INDEX('부의금 입력'!$D$2:$D$1001,MATCH($A56,'부의금 입력'!$H$2:$H$1001,0))&"") | E56: =IF($A56="","",INDEX('부의금 입력'!$E$2:$E$1001,MATCH($A56,'부의금 입력'!$H$2:$H$1001,0))&"") | H56: =IF(53>$I$1,"",INDEX('근조 화환'!$B$2:$B$501,MATCH(53,'근조 화환'!$G$2:$G$501,0))&"") | I56: =IF(53>$I$1,"",INDEX('근조 화환'!$C$2:$C$501,MATCH(53,'근조 화환'!$G$2:$G$501,0))&"") | J56: =IF(53>$I$1,"",INDEX('근조 화환'!$D$2:$D$501,MATCH(53,'근조 화환'!$G$2:$G$501,0))&"") | K56: =IF(53>$I$1,"",INDEX('근조 화환'!$E$2:$E$501,MATCH(53,'근조 화환'!$G$2:$G$501,0))&"")
A57: =IF(54<=$F$1,54,"") | B57: =IF($A57="","",INDEX('부의금 입력'!$B$2:$B$1001,MATCH($A57,'부의금 입력'!$H$2:$H$1001,0))&"") | C57: =IF($A57="","",INDEX('부의금 입력'!$C$2:$C$1001,MATCH($A57,'부의금 입력'!$H$2:$H$1001,0))) | D57: =IF($A57="","",INDEX('부의금 입력'!$D$2:$D$1001,MATCH($A57,'부의금 입력'!$H$2:$H$1001,0))&"") | E57: =IF($A57="","",INDEX('부의금 입력'!$E$2:$E$1001,MATCH($A57,'부의금 입력'!$H$2:$H$1001,0))&"") | H57: =IF(54>$I$1,"",INDEX('근조 화환'!$B$2:$B$501,MATCH(54,'근조 화환'!$G$2:$G$501,0))&"") | I57: =IF(54>$I$1,"",INDEX('근조 화환'!$C$2:$C$501,MATCH(54,'근조 화환'!$G$2:$G$501,0))&"") | J57: =IF(54>$I$1,"",INDEX('근조 화환'!$D$2:$D$501,MATCH(54,'근조 화환'!$G$2:$G$501,0))&"") | K57: =IF(54>$I$1,"",INDEX('근조 화환'!$E$2:$E$501,MATCH(54,'근조 화환'!$G$2:$G$501,0))&"")
A58: =IF(55<=$F$1,55,"") | B58: =IF($A58="","",INDEX('부의금 입력'!$B$2:$B$1001,MATCH($A58,'부의금 입력'!$H$2:$H$1001,0))&"") | C58: =IF($A58="","",INDEX('부의금 입력'!$C$2:$C$1001,MATCH($A58,'부의금 입력'!$H$2:$H$1001,0))) | D58: =IF($A58="","",INDEX('부의금 입력'!$D$2:$D$1001,MATCH($A58,'부의금 입력'!$H$2:$H$1001,0))&"") | E58: =IF($A58="","",INDEX('부의금 입력'!$E$2:$E$1001,MATCH($A58,'부의금 입력'!$H$2:$H$1001,0))&"") | H58: =IF(55>$I$1,"",INDEX('근조 화환'!$B$2:$B$501,MATCH(55,'근조 화환'!$G$2:$G$501,0))&"") | I58: =IF(55>$I$1,"",INDEX('근조 화환'!$C$2:$C$501,MATCH(55,'근조 화환'!$G$2:$G$501,0))&"") | J58: =IF(55>$I$1,"",INDEX('근조 화환'!$D$2:$D$501,MATCH(55,'근조 화환'!$G$2:$G$501,0))&"") | K58: =IF(55>$I$1,"",INDEX('근조 화환'!$E$2:$E$501,MATCH(55,'근조 화환'!$G$2:$G$501,0))&"")
A59: =IF(56<=$F$1,56,"") | B59: =IF($A59="","",INDEX('부의금 입력'!$B$2:$B$1001,MATCH($A59,'부의금 입력'!$H$2:$H$1001,0))&"") | C59: =IF($A59="","",INDEX('부의금 입력'!$C$2:$C$1001,MATCH($A59,'부의금 입력'!$H$2:$H$1001,0))) | D59: =IF($A59="","",INDEX('부의금 입력'!$D$2:$D$1001,MATCH($A59,'부의금 입력'!$H$2:$H$1001,0))&"") | E59: =IF($A59="","",INDEX('부의금 입력'!$E$2:$E$1001,MATCH($A59,'부의금 입력'!$H$2:$H$1001,0))&"") | H59: =IF(56>$I$1,"",INDEX('근조 화환'!$B$2:$B$501,MATCH(56,'근조 화환'!$G$2:$G$501,0))&"") | I59: =IF(56>$I$1,"",INDEX('근조 화환'!$C$2:$C$501,MATCH(56,'근조 화환'!$G$2:$G$501,0))&"") | J59: =IF(56>$I$1,"",INDEX('근조 화환'!$D$2:$D$501,MATCH(56,'근조 화환'!$G$2:$G$501,0))&"") | K59: =IF(56>$I$1,"",INDEX('근조 화환'!$E$2:$E$501,MATCH(56,'근조 화환'!$G$2:$G$501,0))&"")
A60: =IF(57<=$F$1,57,"") | B60: =IF($A60="","",INDEX('부의금 입력'!$B$2:$B$1001,MATCH($A60,'부의금 입력'!$H$2:$H$1001,0))&"") | C60: =IF($A60="","",INDEX('부의금 입력'!$C$2:$C$1001,MATCH($A60,'부의금 입력'!$H$2:$H$1001,0))) | D60: =IF($A60="","",INDEX('부의금 입력'!$D$2:$D$1001,MATCH($A60,'부의금 입력'!$H$2:$H$1001,0))&"") | E60: =IF($A60="","",INDEX('부의금 입력'!$E$2:$E$1001,MATCH($A60,'부의금 입력'!$H$2:$H$1001,0))&"") | H60: =IF(57>$I$1,"",INDEX('근조 화환'!$B$2:$B$501,MATCH(57,'근조 화환'!$G$2:$G$501,0))&"") | I60: =IF(57>$I$1,"",INDEX('근조 화환'!$C$2:$C$501,MATCH(57,'근조 화환'!$G$2:$G$501,0))&"") | J60: =IF(57>$I$1,"",INDEX('근조 화환'!$D$2:$D$501,MATCH(57,'근조 화환'!$G$2:$G$501,0))&"") | K60: =IF(57>$I$1,"",INDEX('근조 화환'!$E$2:$E$501,MATCH(57,'근조 화환'!$G$2:$G$501,0))&"")
A61: =IF(58<=$F$1,58,"") | B61: =IF($A61="","",INDEX('부의금 입력'!$B$2:$B$1001,MATCH($A61,'부의금 입력'!$H$2:$H$1001,0))&"") | C61: =IF($A61="","",INDEX('부의금 입력'!$C$2:$C$1001,MATCH($A61,'부의금 입력'!$H$2:$H$1001,0))) | D61: =IF($A61="","",INDEX('부의금 입력'!$D$2:$D$1001,MATCH($A61,'부의금 입력'!$H$2:$H$1001,0))&"") | E61: =IF($A61="","",INDEX('부의금 입력'!$E$2:$E$1001,MATCH($A61,'부의금 입력'!$H$2:$H$1001,0))&"") | H61: =IF(58>$I$1,"",INDEX('근조 화환'!$B$2:$B$501,MATCH(58,'근조 화환'!$G$2:$G$501,0))&"") | I61: =IF(58>$I$1,"",INDEX('근조 화환'!$C$2:$C$501,MATCH(58,'근조 화환'!$G$2:$G$501,0))&"") | J61: =IF(58>$I$1,"",INDEX('근조 화환'!$D$2:$D$501,MATCH(58,'근조 화환'!$G$2:$G$501,0))&"") | K61: =IF(58>$I$1,"",INDEX('근조 화환'!$E$2:$E$501,MATCH(58,'근조 화환'!$G$2:$G$501,0))&"")
A62: =IF(59<=$F$1,59,"") | B62: =IF($A62="","",INDEX('부의금 입력'!$B$2:$B$1001,MATCH($A62,'부의금 입력'!$H$2:$H$1001,0))&"") | C62: =IF($A62="","",INDEX('부의금 입력'!$C$2:$C$1001,MATCH($A62,'부의금 입력'!$H$2:$H$1001,0))) | D62: =IF($A62="","",INDEX('부의금 입력'!$D$2:$D$1001,MATCH($A62,'부의금 입력'!$H$2:$H$1001,0))&"") | E62: =IF($A62="","",INDEX('부의금 입력'!$E$2:$E$1001,MATCH($A62,'부의금 입력'!$H$2:$H$1001,0))&"") | H62: =IF(59>$I$1,"",INDEX('근조 화환'!$B$2:$B$501,MATCH(59,'근조 화환'!$G$2:$G$501,0))&"") | I62: =IF(59>$I$1,"",INDEX('근조 화환'!$C$2:$C$501,MATCH(59,'근조 화환'!$G$2:$G$501,0))&"") | J62: =IF(59>$I$1,"",INDEX('근조 화환'!$D$2:$D$501,MATCH(59,'근조 화환'!$G$2:$G$501,0))&"") | K62: =IF(59>$I$1,"",INDEX('근조 화환'!$E$2:$E$501,MATCH(59,'근조 화환'!$G$2:$G$501,0))&"")
A63: =IF(60<=$F$1,60,"") | B63: =IF($A63="","",INDEX('부의금 입력'!$B$2:$B$1001,MATCH($A63,'부의금 입력'!$H$2:$H$1001,0))&"") | C63: =IF($A63="","",INDEX('부의금 입력'!$C$2:$C$1001,MATCH($A63,'부의금 입력'!$H$2:$H$1001,0))) | D63: =IF($A63="","",INDEX('부의금 입력'!$D$2:$D$1001,MATCH($A63,'부의금 입력'!$H$2:$H$1001,0))&"") | E63: =IF($A63="","",INDEX('부의금 입력'!$E$2:$E$1001,MATCH($A63,'부의금 입력'!$H$2:$H$1001,0))&"") | H63: =IF(60>$I$1,"",INDEX('근조 화환'!$B$2:$B$501,MATCH(60,'근조 화환'!$G$2:$G$501,0))&"") | I63: =IF(60>$I$1,"",INDEX('근조 화환'!$C$2:$C$501,MATCH(60,'근조 화환'!$G$2:$G$501,0))&"") | J63: =IF(60>$I$1,"",INDEX('근조 화환'!$D$2:$D$501,MATCH(60,'근조 화환'!$G$2:$G$501,0))&"") | K63: =IF(60>$I$1,"",INDEX('근조 화환'!$E$2:$E$501,MATCH(60,'근조 화환'!$G$2:$G$501,0))&"")
A64: =IF(61<=$F$1,61,"") | B64: =IF($A64="","",INDEX('부의금 입력'!$B$2:$B$1001,MATCH($A64,'부의금 입력'!$H$2:$H$1001,0))&"") | C64: =IF($A64="","",INDEX('부의금 입력'!$C$2:$C$1001,MATCH($A64,'부의금 입력'!$H$2:$H$1001,0))) | D64: =IF($A64="","",INDEX('부의금 입력'!$D$2:$D$1001,MATCH($A64,'부의금 입력'!$H$2:$H$1001,0))&"") | E64: =IF($A64="","",INDEX('부의금 입력'!$E$2:$E$1001,MATCH($A64,'부의금 입력'!$H$2:$H$1001,0))&"") | H64: =IF(61>$I$1,"",INDEX('근조 화환'!$B$2:$B$501,MATCH(61,'근조 화환'!$G$2:$G$501,0))&"") | I64: =IF(61>$I$1,"",INDEX('근조 화환'!$C$2:$C$501,MATCH(61,'근조 화환'!$G$2:$G$501,0))&"") | J64: =IF(61>$I$1,"",INDEX('근조 화환'!$D$2:$D$501,MATCH(61,'근조 화환'!$G$2:$G$501,0))&"") | K64: =IF(61>$I$1,"",INDEX('근조 화환'!$E$2:$E$501,MATCH(61,'근조 화환'!$G$2:$G$501,0))&"")
A65: =IF(62<=$F$1,62,"") | B65: =IF($A65="","",INDEX('부의금 입력'!$B$2:$B$1001,MATCH($A65,'부의금 입력'!$H$2:$H$1001,0))&"") | C65: =IF($A65="","",INDEX('부의금 입력'!$C$2:$C$1001,MATCH($A65,'부의금 입력'!$H$2:$H$1001,0))) | D65: =IF($A65="","",INDEX('부의금 입력'!$D$2:$D$1001,MATCH($A65,'부의금 입력'!$H$2:$H$1001,0))&"") | E65: =IF($A65="","",INDEX('부의금 입력'!$E$2:$E$1001,MATCH($A65,'부의금 입력'!$H$2:$H$1001,0))&"") | H65: =IF(62>$I$1,"",INDEX('근조 화환'!$B$2:$B$501,MATCH(62,'근조 화환'!$G$2:$G$501,0))&"") | I65: =IF(62>$I$1,"",INDEX('근조 화환'!$C$2:$C$501,MATCH(62,'근조 화환'!$G$2:$G$501,0))&"") | J65: =IF(62>$I$1,"",INDEX('근조 화환'!$D$2:$D$501,MATCH(62,'근조 화환'!$G$2:$G$501,0))&"") | K65: =IF(62>$I$1,"",INDEX('근조 화환'!$E$2:$E$501,MATCH(62,'근조 화환'!$G$2:$G$501,0))&"")
A66: =IF(63<=$F$1,63,"") | B66: =IF($A66="","",INDEX('부의금 입력'!$B$2:$B$1001,MATCH($A66,'부의금 입력'!$H$2:$H$1001,0))&"") | C66: =IF($A66="","",INDEX('부의금 입력'!$C$2:$C$1001,MATCH($A66,'부의금 입력'!$H$2:$H$1001,0))) | D66: =IF($A66="","",INDEX('부의금 입력'!$D$2:$D$1001,MATCH($A66,'부의금 입력'!$H$2:$H$1001,0))&"") | E66: =IF($A66="","",INDEX('부의금 입력'!$E$2:$E$1001,MATCH($A66,'부의금 입력'!$H$2:$H$1001,0))&"") | H66: =IF(63>$I$1,"",INDEX('근조 화환'!$B$2:$B$501,MATCH(63,'근조 화환'!$G$2:$G$501,0))&"") | I66: =IF(63>$I$1,"",INDEX('근조 화환'!$C$2:$C$501,MATCH(63,'근조 화환'!$G$2:$G$501,0))&"") | J66: =IF(63>$I$1,"",INDEX('근조 화환'!$D$2:$D$501,MATCH(63,'근조 화환'!$G$2:$G$501,0))&"") | K66: =IF(63>$I$1,"",INDEX('근조 화환'!$E$2:$E$501,MATCH(63,'근조 화환'!$G$2:$G$501,0))&"")
A67: =IF(64<=$F$1,64,"") | B67: =IF($A67="","",INDEX('부의금 입력'!$B$2:$B$1001,MATCH($A67,'부의금 입력'!$H$2:$H$1001,0))&"") | C67: =IF($A67="","",INDEX('부의금 입력'!$C$2:$C$1001,MATCH($A67,'부의금 입력'!$H$2:$H$1001,0))) | D67: =IF($A67="","",INDEX('부의금 입력'!$D$2:$D$1001,MATCH($A67,'부의금 입력'!$H$2:$H$1001,0))&"") | E67: =IF($A67="","",INDEX('부의금 입력'!$E$2:$E$1001,MATCH($A67,'부의금 입력'!$H$2:$H$1001,0))&"") | H67: =IF(64>$I$1,"",INDEX('근조 화환'!$B$2:$B$501,MATCH(64,'근조 화환'!$G$2:$G$501,0))&"") | I67: =IF(64>$I$1,"",INDEX('근조 화환'!$C$2:$C$501,MATCH(64,'근조 화환'!$G$2:$G$501,0))&"") | J67: =IF(64>$I$1,"",INDEX('근조 화환'!$D$2:$D$501,MATCH(64,'근조 화환'!$G$2:$G$501,0))&"") | K67: =IF(64>$I$1,"",INDEX('근조 화환'!$E$2:$E$501,MATCH(64,'근조 화환'!$G$2:$G$501,0))&"")
A68: =IF(65<=$F$1,65,"") | B68: =IF($A68="","",INDEX('부의금 입력'!$B$2:$B$1001,MATCH($A68,'부의금 입력'!$H$2:$H$1001,0))&"") | C68: =IF($A68="","",INDEX('부의금 입력'!$C$2:$C$1001,MATCH($A68,'부의금 입력'!$H$2:$H$1001,0))) | D68: =IF($A68="","",INDEX('부의금 입력'!$D$2:$D$1001,MATCH($A68,'부의금 입력'!$H$2:$H$1001,0))&"") | E68: =IF($A68="","",INDEX('부의금 입력'!$E$2:$E$1001,MATCH($A68,'부의금 입력'!$H$2:$H$1001,0))&"") | H68: =IF(65>$I$1,"",INDEX('근조 화환'!$B$2:$B$501,MATCH(65,'근조 화환'!$G$2:$G$501,0))&"") | I68: =IF(65>$I$1,"",INDEX('근조 화환'!$C$2:$C$501,MATCH(65,'근조 화환'!$G$2:$G$501,0))&"") | J68: =IF(65>$I$1,"",INDEX('근조 화환'!$D$2:$D$501,MATCH(65,'근조 화환'!$G$2:$G$501,0))&"") | K68: =IF(65>$I$1,"",INDEX('근조 화환'!$E$2:$E$501,MATCH(65,'근조 화환'!$G$2:$G$501,0))&"")
A69: =IF(66<=$F$1,66,"") | B69: =IF($A69="","",INDEX('부의금 입력'!$B$2:$B$1001,MATCH($A69,'부의금 입력'!$H$2:$H$1001,0))&"") | C69: =IF($A69="","",INDEX('부의금 입력'!$C$2:$C$1001,MATCH($A69,'부의금 입력'!$H$2:$H$1001,0))) | D69: =IF($A69="","",INDEX('부의금 입력'!$D$2:$D$1001,MATCH($A69,'부의금 입력'!$H$2:$H$1001,0))&"") | E69: =IF($A69="","",INDEX('부의금 입력'!$E$2:$E$1001,MATCH($A69,'부의금 입력'!$H$2:$H$1001,0))&"") | H69: =IF(66>$I$1,"",INDEX('근조 화환'!$B$2:$B$501,MATCH(66,'근조 화환'!$G$2:$G$501,0))&"") | I69: =IF(66>$I$1,"",INDEX('근조 화환'!$C$2:$C$501,MATCH(66,'근조 화환'!$G$2:$G$501,0))&"") | J69: =IF(66>$I$1,"",INDEX('근조 화환'!$D$2:$D$501,MATCH(66,'근조 화환'!$G$2:$G$501,0))&"") | K69: =IF(66>$I$1,"",INDEX('근조 화환'!$E$2:$E$501,MATCH(66,'근조 화환'!$G$2:$G$501,0))&"")
A70: =IF(67<=$F$1,67,"") | B70: =IF($A70="","",INDEX('부의금 입력'!$B$2:$B$1001,MATCH($A70,'부의금 입력'!$H$2:$H$1001,0))&"") | C70: =IF($A70="","",INDEX('부의금 입력'!$C$2:$C$1001,MATCH($A70,'부의금 입력'!$H$2:$H$1001,0))) | D70: =IF($A70="","",INDEX('부의금 입력'!$D$2:$D$1001,MATCH($A70,'부의금 입력'!$H$2:$H$1001,0))&"") | E70: =IF($A70="","",INDEX('부의금 입력'!$E$2:$E$1001,MATCH($A70,'부의금 입력'!$H$2:$H$1001,0))&"") | H70: =IF(67>$I$1,"",INDEX('근조 화환'!$B$2:$B$501,MATCH(67,'근조 화환'!$G$2:$G$501,0))&"") | I70: =IF(67>$I$1,"",INDEX('근조 화환'!$C$2:$C$501,MATCH(67,'근조 화환'!$G$2:$G$501,0))&"") | J70: =IF(67>$I$1,"",INDEX('근조 화환'!$D$2:$D$501,MATCH(67,'근조 화환'!$G$2:$G$501,0))&"") | K70: =IF(67>$I$1,"",INDEX('근조 화환'!$E$2:$E$501,MATCH(67,'근조 화환'!$G$2:$G$501,0))&"")
A71: =IF(68<=$F$1,68,"") | B71: =IF($A71="","",INDEX('부의금 입력'!$B$2:$B$1001,MATCH($A71,'부의금 입력'!$H$2:$H$1001,0))&"") | C71: =IF($A71="","",INDEX('부의금 입력'!$C$2:$C$1001,MATCH($A71,'부의금 입력'!$H$2:$H$1001,0))) | D71: =IF($A71="","",INDEX('부의금 입력'!$D$2:$D$1001,MATCH($A71,'부의금 입력'!$H$2:$H$1001,0))&"") | E71: =IF($A71="","",INDEX('부의금 입력'!$E$2:$E$1001,MATCH($A71,'부의금 입력'!$H$2:$H$1001,0))&"") | H71: =IF(68>$I$1,"",INDEX('근조 화환'!$B$2:$B$501,MATCH(68,'근조 화환'!$G$2:$G$501,0))&"") | I71: =IF(68>$I$1,"",INDEX('근조 화환'!$C$2:$C$501,MATCH(68,'근조 화환'!$G$2:$G$501,0))&"") | J71: =IF(68>$I$1,"",INDEX('근조 화환'!$D$2:$D$501,MATCH(68,'근조 화환'!$G$2:$G$501,0))&"") | K71: =IF(68>$I$1,"",INDEX('근조 화환'!$E$2:$E$501,MATCH(68,'근조 화환'!$G$2:$G$501,0))&"")
A72: =IF(69<=$F$1,69,"") | B72: =IF($A72="","",INDEX('부의금 입력'!$B$2:$B$1001,MATCH($A72,'부의금 입력'!$H$2:$H$1001,0))&"") | C72: =IF($A72="","",INDEX('부의금 입력'!$C$2:$C$1001,MATCH($A72,'부의금 입력'!$H$2:$H$1001,0))) | D72: =IF($A72="","",INDEX('부의금 입력'!$D$2:$D$1001,MATCH($A72,'부의금 입력'!$H$2:$H$1001,0))&"") | E72: =IF($A72="","",INDEX('부의금 입력'!$E$2:$E$1001,MATCH($A72,'부의금 입력'!$H$2:$H$1001,0))&"") | H72: =IF(69>$I$1,"",INDEX('근조 화환'!$B$2:$B$501,MATCH(69,'근조 화환'!$G$2:$G$501,0))&"") | I72: =IF(69>$I$1,"",INDEX('근조 화환'!$C$2:$C$501,MATCH(69,'근조 화환'!$G$2:$G$501,0))&"") | J72: =IF(69>$I$1,"",INDEX('근조 화환'!$D$2:$D$501,MATCH(69,'근조 화환'!$G$2:$G$501,0))&"") | K72: =IF(69>$I$1,"",INDEX('근조 화환'!$E$2:$E$501,MATCH(69,'근조 화환'!$G$2:$G$501,0))&"")
A73: =IF(70<=$F$1,70,"") | B73: =IF($A73="","",INDEX('부의금 입력'!$B$2:$B$1001,MATCH($A73,'부의금 입력'!$H$2:$H$1001,0))&"") | C73: =IF($A73="","",INDEX('부의금 입력'!$C$2:$C$1001,MATCH($A73,'부의금 입력'!$H$2:$H$1001,0))) | D73: =IF($A73="","",INDEX('부의금 입력'!$D$2:$D$1001,MATCH($A73,'부의금 입력'!$H$2:$H$1001,0))&"") | E73: =IF($A73="","",INDEX('부의금 입력'!$E$2:$E$1001,MATCH($A73,'부의금 입력'!$H$2:$H$1001,0))&"") | H73: =IF(70>$I$1,"",INDEX('근조 화환'!$B$2:$B$501,MATCH(70,'근조 화환'!$G$2:$G$501,0))&"") | I73: =IF(70>$I$1,"",INDEX('근조 화환'!$C$2:$C$501,MATCH(70,'근조 화환'!$G$2:$G$501,0))&"") | J73: =IF(70>$I$1,"",INDEX('근조 화환'!$D$2:$D$501,MATCH(70,'근조 화환'!$G$2:$G$501,0))&"") | K73: =IF(70>$I$1,"",INDEX('근조 화환'!$E$2:$E$501,MATCH(70,'근조 화환'!$G$2:$G$501,0))&"")
A74: =IF(71<=$F$1,71,"") | B74: =IF($A74="","",INDEX('부의금 입력'!$B$2:$B$1001,MATCH($A74,'부의금 입력'!$H$2:$H$1001,0))&"") | C74: =IF($A74="","",INDEX('부의금 입력'!$C$2:$C$1001,MATCH($A74,'부의금 입력'!$H$2:$H$1001,0))) | D74: =IF($A74="","",INDEX('부의금 입력'!$D$2:$D$1001,MATCH($A74,'부의금 입력'!$H$2:$H$1001,0))&"") | E74: =IF($A74="","",INDEX('부의금 입력'!$E$2:$E$1001,MATCH($A74,'부의금 입력'!$H$2:$H$1001,0))&"") | H74: =IF(71>$I$1,"",INDEX('근조 화환'!$B$2:$B$501,MATCH(71,'근조 화환'!$G$2:$G$501,0))&"") | I74: =IF(71>$I$1,"",INDEX('근조 화환'!$C$2:$C$501,MATCH(71,'근조 화환'!$G$2:$G$501,0))&"") | J74: =IF(71>$I$1,"",INDEX('근조 화환'!$D$2:$D$501,MATCH(71,'근조 화환'!$G$2:$G$501,0))&"") | K74: =IF(71>$I$1,"",INDEX('근조 화환'!$E$2:$E$501,MATCH(71,'근조 화환'!$G$2:$G$501,0))&"")
A75: =IF(72<=$F$1,72,"") | B75: =IF($A75="","",INDEX('부의금 입력'!$B$2:$B$1001,MATCH($A75,'부의금 입력'!$H$2:$H$1001,0))&"") | C75: =IF($A75="","",INDEX('부의금 입력'!$C$2:$C$1001,MATCH($A75,'부의금 입력'!$H$2:$H$1001,0))) | D75: =IF($A75="","",INDEX('부의금 입력'!$D$2:$D$1001,MATCH($A75,'부의금 입력'!$H$2:$H$1001,0))&"") | E75: =IF($A75="","",INDEX('부의금 입력'!$E$2:$E$1001,MATCH($A75,'부의금 입력'!$H$2:$H$1001,0))&"") | H75: =IF(72>$I$1,"",INDEX('근조 화환'!$B$2:$B$501,MATCH(72,'근조 화환'!$G$2:$G$501,0))&"") | I75: =IF(72>$I$1,"",INDEX('근조 화환'!$C$2:$C$501,MATCH(72,'근조 화환'!$G$2:$G$501,0))&"") | J75: =IF(72>$I$1,"",INDEX('근조 화환'!$D$2:$D$501,MATCH(72,'근조 화환'!$G$2:$G$501,0))&"") | K75: =IF(72>$I$1,"",INDEX('근조 화환'!$E$2:$E$501,MATCH(72,'근조 화환'!$G$2:$G$501,0))&"")
A76: =IF(73<=$F$1,73,"") | B76: =IF($A76="","",INDEX('부의금 입력'!$B$2:$B$1001,MATCH($A76,'부의금 입력'!$H$2:$H$1001,0))&"") | C76: =IF($A76="","",INDEX('부의금 입력'!$C$2:$C$1001,MATCH($A76,'부의금 입력'!$H$2:$H$1001,0))) | D76: =IF($A76="","",INDEX('부의금 입력'!$D$2:$D$1001,MATCH($A76,'부의금 입력'!$H$2:$H$1001,0))&"") | E76: =IF($A76="","",INDEX('부의금 입력'!$E$2:$E$1001,MATCH($A76,'부의금 입력'!$H$2:$H$1001,0))&"") | H76: =IF(73>$I$1,"",INDEX('근조 화환'!$B$2:$B$501,MATCH(73,'근조 화환'!$G$2:$G$501,0))&"") | I76: =IF(73>$I$1,"",INDEX('근조 화환'!$C$2:$C$501,MATCH(73,'근조 화환'!$G$2:$G$501,0))&"") | J76: =IF(73>$I$1,"",INDEX('근조 화환'!$D$2:$D$501,MATCH(73,'근조 화환'!$G$2:$G$501,0))&"") | K76: =IF(73>$I$1,"",INDEX('근조 화환'!$E$2:$E$501,MATCH(73,'근조 화환'!$G$2:$G$501,0))&"")
A77: =IF(74<=$F$1,74,"") | B77: =IF($A77="","",INDEX('부의금 입력'!$B$2:$B$1001,MATCH($A77,'부의금 입력'!$H$2:$H$1001,0))&"") | C77: =IF($A77="","",INDEX('부의금 입력'!$C$2:$C$1001,MATCH($A77,'부의금 입력'!$H$2:$H$1001,0))) | D77: =IF($A77="","",INDEX('부의금 입력'!$D$2:$D$1001,MATCH($A77,'부의금 입력'!$H$2:$H$1001,0))&"") | E77: =IF($A77="","",INDEX('부의금 입력'!$E$2:$E$1001,MATCH($A77,'부의금 입력'!$H$2:$H$1001,0))&"") | H77: =IF(74>$I$1,"",INDEX('근조 화환'!$B$2:$B$501,MATCH(74,'근조 화환'!$G$2:$G$501,0))&"") | I77: =IF(74>$I$1,"",INDEX('근조 화환'!$C$2:$C$501,MATCH(74,'근조 화환'!$G$2:$G$501,0))&"") | J77: =IF(74>$I$1,"",INDEX('근조 화환'!$D$2:$D$501,MATCH(74,'근조 화환'!$G$2:$G$501,0))&"") | K77: =IF(74>$I$1,"",INDEX('근조 화환'!$E$2:$E$501,MATCH(74,'근조 화환'!$G$2:$G$501,0))&"")
A78: =IF(75<=$F$1,75,"") | B78: =IF($A78="","",INDEX('부의금 입력'!$B$2:$B$1001,MATCH($A78,'부의금 입력'!$H$2:$H$1001,0))&"") | C78: =IF($A78="","",INDEX('부의금 입력'!$C$2:$C$1001,MATCH($A78,'부의금 입력'!$H$2:$H$1001,0))) | D78: =IF($A78="","",INDEX('부의금 입력'!$D$2:$D$1001,MATCH($A78,'부의금 입력'!$H$2:$H$1001,0))&"") | E78: =IF($A78="","",INDEX('부의금 입력'!$E$2:$E$1001,MATCH($A78,'부의금 입력'!$H$2:$H$1001,0))&"") | H78: =IF(75>$I$1,"",INDEX('근조 화환'!$B$2:$B$501,MATCH(75,'근조 화환'!$G$2:$G$501,0))&"") | I78: =IF(75>$I$1,"",INDEX('근조 화환'!$C$2:$C$501,MATCH(75,'근조 화환'!$G$2:$G$501,0))&"") | J78: =IF(75>$I$1,"",INDEX('근조 화환'!$D$2:$D$501,MATCH(75,'근조 화환'!$G$2:$G$501,0))&"") | K78: =IF(75>$I$1,"",INDEX('근조 화환'!$E$2:$E$501,MATCH(75,'근조 화환'!$G$2:$G$501,0))&"")
A79: =IF(76<=$F$1,76,"") | B79: =IF($A79="","",INDEX('부의금 입력'!$B$2:$B$1001,MATCH($A79,'부의금 입력'!$H$2:$H$1001,0))&"") | C79: =IF($A79="","",INDEX('부의금 입력'!$C$2:$C$1001,MATCH($A79,'부의금 입력'!$H$2:$H$1001,0))) | D79: =IF($A79="","",INDEX('부의금 입력'!$D$2:$D$1001,MATCH($A79,'부의금 입력'!$H$2:$H$1001,0))&"") | E79: =IF($A79="","",INDEX('부의금 입력'!$E$2:$E$1001,MATCH($A79,'부의금 입력'!$H$2:$H$1001,0))&"") | H79: =IF(76>$I$1,"",INDEX('근조 화환'!$B$2:$B$501,MATCH(76,'근조 화환'!$G$2:$G$501,0))&"") | I79: =IF(76>$I$1,"",INDEX('근조 화환'!$C$2:$C$501,MATCH(76,'근조 화환'!$G$2:$G$501,0))&"") | J79: =IF(76>$I$1,"",INDEX('근조 화환'!$D$2:$D$501,MATCH(76,'근조 화환'!$G$2:$G$501,0))&"") | K79: =IF(76>$I$1,"",INDEX('근조 화환'!$E$2:$E$501,MATCH(76,'근조 화환'!$G$2:$G$501,0))&"")
A80: =IF(77<=$F$1,77,"") | B80: =IF($A80="","",INDEX('부의금 입력'!$B$2:$B$1001,MATCH($A80,'부의금 입력'!$H$2:$H$1001,0))&"") | C80: =IF($A80="","",INDEX('부의금 입력'!$C$2:$C$1001,MATCH($A80,'부의금 입력'!$H$2:$H$1001,0))) | D80: =IF($A80="","",INDEX('부의금 입력'!$D$2:$D$1001,MATCH($A80,'부의금 입력'!$H$2:$H$1001,0))&"") | E80: =IF($A80="","",INDEX('부의금 입력'!$E$2:$E$1001,MATCH($A80,'부의금 입력'!$H$2:$H$1001,0))&"") | H80: =IF(77>$I$1,"",INDEX('근조 화환'!$B$2:$B$501,MATCH(77,'근조 화환'!$G$2:$G$501,0))&"") | I80: =IF(77>$I$1,"",INDEX('근조 화환'!$C$2:$C$501,MATCH(77,'근조 화환'!$G$2:$G$501,0))&"") | J80: =IF(77>$I$1,"",INDEX('근조 화환'!$D$2:$D$501,MATCH(77,'근조 화환'!$G$2:$G$501,0))&"") | K80: =IF(77>$I$1,"",INDEX('근조 화환'!$E$2:$E$501,MATCH(77,'근조 화환'!$G$2:$G$501,0))&"")
A81: =IF(78<=$F$1,78,"") | B81: =IF($A81="","",INDEX('부의금 입력'!$B$2:$B$1001,MATCH($A81,'부의금 입력'!$H$2:$H$1001,0))&"") | C81: =IF($A81="","",INDEX('부의금 입력'!$C$2:$C$1001,MATCH($A81,'부의금 입력'!$H$2:$H$1001,0))) | D81: =IF($A81="","",INDEX('부의금 입력'!$D$2:$D$1001,MATCH($A81,'부의금 입력'!$H$2:$H$1001,0))&"") | E81: =IF($A81="","",INDEX('부의금 입력'!$E$2:$E$1001,MATCH($A81,'부의금 입력'!$H$2:$H$1001,0))&"") | H81: =IF(78>$I$1,"",INDEX('근조 화환'!$B$2:$B$501,MATCH(78,'근조 화환'!$G$2:$G$501,0))&"") | I81: =IF(78>$I$1,"",INDEX('근조 화환'!$C$2:$C$501,MATCH(78,'근조 화환'!$G$2:$G$501,0))&"") | J81: =IF(78>$I$1,"",INDEX('근조 화환'!$D$2:$D$501,MATCH(78,'근조 화환'!$G$2:$G$501,0))&"") | K81: =IF(78>$I$1,"",INDEX('근조 화환'!$E$2:$E$501,MATCH(78,'근조 화환'!$G$2:$G$501,0))&"")
A82: =IF(79<=$F$1,79,"") | B82: =IF($A82="","",INDEX('부의금 입력'!$B$2:$B$1001,MATCH($A82,'부의금 입력'!$H$2:$H$1001,0))&"") | C82: =IF($A82="","",INDEX('부의금 입력'!$C$2:$C$1001,MATCH($A82,'부의금 입력'!$H$2:$H$1001,0))) | D82: =IF($A82="","",INDEX('부의금 입력'!$D$2:$D$1001,MATCH($A82,'부의금 입력'!$H$2:$H$1001,0))&"") | E82: =IF($A82="","",INDEX('부의금 입력'!$E$2:$E$1001,MATCH($A82,'부의금 입력'!$H$2:$H$1001,0))&"") | H82: =IF(79>$I$1,"",INDEX('근조 화환'!$B$2:$B$501,MATCH(79,'근조 화환'!$G$2:$G$501,0))&"") | I82: =IF(79>$I$1,"",INDEX('근조 화환'!$C$2:$C$501,MATCH(79,'근조 화환'!$G$2:$G$501,0))&"") | J82: =IF(79>$I$1,"",INDEX('근조 화환'!$D$2:$D$501,MATCH(79,'근조 화환'!$G$2:$G$501,0))&"") | K82: =IF(79>$I$1,"",INDEX('근조 화환'!$E$2:$E$501,MATCH(79,'근조 화환'!$G$2:$G$501,0))&"")
A83: =IF(80<=$F$1,80,"") | B83: =IF($A83="","",INDEX('부의금 입력'!$B$2:$B$1001,MATCH($A83,'부의금 입력'!$H$2:$H$1001,0))&"") | C83: =IF($A83="","",INDEX('부의금 입력'!$C$2:$C$1001,MATCH($A83,'부의금 입력'!$H$2:$H$1001,0))) | D83: =IF($A83="","",INDEX('부의금 입력'!$D$2:$D$1001,MATCH($A83,'부의금 입력'!$H$2:$H$1001,0))&"") | E83: =IF($A83="","",INDEX('부의금 입력'!$E$2:$E$1001,MATCH($A83,'부의금 입력'!$H$2:$H$1001,0))&"") | H83: =IF(80>$I$1,"",INDEX('근조 화환'!$B$2:$B$501,MATCH(80,'근조 화환'!$G$2:$G$501,0))&"") | I83: =IF(80>$I$1,"",INDEX('근조 화환'!$C$2:$C$501,MATCH(80,'근조 화환'!$G$2:$G$501,0))&"") | J83: =IF(80>$I$1,"",INDEX('근조 화환'!$D$2:$D$501,MATCH(80,'근조 화환'!$G$2:$G$501,0))&"") | K83: =IF(80>$I$1,"",INDEX('근조 화환'!$E$2:$E$501,MATCH(80,'근조 화환'!$G$2:$G$501,0))&"")
A84: =IF(81<=$F$1,81,"") | B84: =IF($A84="","",INDEX('부의금 입력'!$B$2:$B$1001,MATCH($A84,'부의금 입력'!$H$2:$H$1001,0))&"") | C84: =IF($A84="","",INDEX('부의금 입력'!$C$2:$C$1001,MATCH($A84,'부의금 입력'!$H$2:$H$1001,0))) | D84: =IF($A84="","",INDEX('부의금 입력'!$D$2:$D$1001,MATCH($A84,'부의금 입력'!$H$2:$H$1001,0))&"") | E84: =IF($A84="","",INDEX('부의금 입력'!$E$2:$E$1001,MATCH($A84,'부의금 입력'!$H$2:$H$1001,0))&"") | H84: =IF(81>$I$1,"",INDEX('근조 화환'!$B$2:$B$501,MATCH(81,'근조 화환'!$G$2:$G$501,0))&"") | I84: =IF(81>$I$1,"",INDEX('근조 화환'!$C$2:$C$501,MATCH(81,'근조 화환'!$G$2:$G$501,0))&"") | J84: =IF(81>$I$1,"",INDEX('근조 화환'!$D$2:$D$501,MATCH(81,'근조 화환'!$G$2:$G$501,0))&"") | K84: =IF(81>$I$1,"",INDEX('근조 화환'!$E$2:$E$501,MATCH(81,'근조 화환'!$G$2:$G$501,0))&"")
A85: =IF(82<=$F$1,82,"") | B85: =IF($A85="","",INDEX('부의금 입력'!$B$2:$B$1001,MATCH($A85,'부의금 입력'!$H$2:$H$1001,0))&"") | C85: =IF($A85="","",INDEX('부의금 입력'!$C$2:$C$1001,MATCH($A85,'부의금 입력'!$H$2:$H$1001,0))) | D85: =IF($A85="","",INDEX('부의금 입력'!$D$2:$D$1001,MATCH($A85,'부의금 입력'!$H$2:$H$1001,0))&"") | E85: =IF($A85="","",INDEX('부의금 입력'!$E$2:$E$1001,MATCH($A85,'부의금 입력'!$H$2:$H$1001,0))&"") | H85: =IF(82>$I$1,"",INDEX('근조 화환'!$B$2:$B$501,MATCH(82,'근조 화환'!$G$2:$G$501,0))&"") | I85: =IF(82>$I$1,"",INDEX('근조 화환'!$C$2:$C$501,MATCH(82,'근조 화환'!$G$2:$G$501,0))&"") | J85: =IF(82>$I$1,"",INDEX('근조 화환'!$D$2:$D$501,MATCH(82,'근조 화환'!$G$2:$G$501,0))&"") | K85: =IF(82>$I$1,"",INDEX('근조 화환'!$E$2:$E$501,MATCH(82,'근조 화환'!$G$2:$G$501,0))&"")
A86: =IF(83<=$F$1,83,"") | B86: =IF($A86="","",INDEX('부의금 입력'!$B$2:$B$1001,MATCH($A86,'부의금 입력'!$H$2:$H$1001,0))&"") | C86: =IF($A86="","",INDEX('부의금 입력'!$C$2:$C$1001,MATCH($A86,'부의금 입력'!$H$2:$H$1001,0))) | D86: =IF($A86="","",INDEX('부의금 입력'!$D$2:$D$1001,MATCH($A86,'부의금 입력'!$H$2:$H$1001,0))&"") | E86: =IF($A86="","",INDEX('부의금 입력'!$E$2:$E$1001,MATCH($A86,'부의금 입력'!$H$2:$H$1001,0))&"") | H86: =IF(83>$I$1,"",INDEX('근조 화환'!$B$2:$B$501,MATCH(83,'근조 화환'!$G$2:$G$501,0))&"") | I86: =IF(83>$I$1,"",INDEX('근조 화환'!$C$2:$C$501,MATCH(83,'근조 화환'!$G$2:$G$501,0))&"") | J86: =IF(83>$I$1,"",INDEX('근조 화환'!$D$2:$D$501,MATCH(83,'근조 화환'!$G$2:$G$501,0))&"") | K86: =IF(83>$I$1,"",INDEX('근조 화환'!$E$2:$E$501,MATCH(83,'근조 화환'!$G$2:$G$501,0))&"")
A87: =IF(84<=$F$1,84,"") | B87: =IF($A87="","",INDEX('부의금 입력'!$B$2:$B$1001,MATCH($A87,'부의금 입력'!$H$2:$H$1001,0))&"") | C87: =IF($A87="","",INDEX('부의금 입력'!$C$2:$C$1001,MATCH($A87,'부의금 입력'!$H$2:$H$1001,0))) | D87: =IF($A87="","",INDEX('부의금 입력'!$D$2:$D$1001,MATCH($A87,'부의금 입력'!$H$2:$H$1001,0))&"") | E87: =IF($A87="","",INDEX('부의금 입력'!$E$2:$E$1001,MATCH($A87,'부의금 입력'!$H$2:$H$1001,0))&"") | H87: =IF(84>$I$1,"",INDEX('근조 화환'!$B$2:$B$501,MATCH(84,'근조 화환'!$G$2:$G$501,0))&"") | I87: =IF(84>$I$1,"",INDEX('근조 화환'!$C$2:$C$501,MATCH(84,'근조 화환'!$G$2:$G$501,0))&"") | J87: =IF(84>$I$1,"",INDEX('근조 화환'!$D$2:$D$501,MATCH(84,'근조 화환'!$G$2:$G$501,0))&"") | K87: =IF(84>$I$1,"",INDEX('근조 화환'!$E$2:$E$501,MATCH(84,'근조 화환'!$G$2:$G$501,0))&"")
A88: =IF(85<=$F$1,85,"") | B88: =IF($A88="","",INDEX('부의금 입력'!$B$2:$B$1001,MATCH($A88,'부의금 입력'!$H$2:$H$1001,0))&"") | C88: =IF($A88="","",INDEX('부의금 입력'!$C$2:$C$1001,MATCH($A88,'부의금 입력'!$H$2:$H$1001,0))) | D88: =IF($A88="","",INDEX('부의금 입력'!$D$2:$D$1001,MATCH($A88,'부의금 입력'!$H$2:$H$1001,0))&"") | E88: =IF($A88="","",INDEX('부의금 입력'!$E$2:$E$1001,MATCH($A88,'부의금 입력'!$H$2:$H$1001,0))&"") | H88: =IF(85>$I$1,"",INDEX('근조 화환'!$B$2:$B$501,MATCH(85,'근조 화환'!$G$2:$G$501,0))&"") | I88: =IF(85>$I$1,"",INDEX('근조 화환'!$C$2:$C$501,MATCH(85,'근조 화환'!$G$2:$G$501,0))&"") | J88: =IF(85>$I$1,"",INDEX('근조 화환'!$D$2:$D$501,MATCH(85,'근조 화환'!$G$2:$G$501,0))&"") | K88: =IF(85>$I$1,"",INDEX('근조 화환'!$E$2:$E$501,MATCH(85,'근조 화환'!$G$2:$G$501,0))&"")
A89: =IF(86<=$F$1,86,"") | B89: =IF($A89="","",INDEX('부의금 입력'!$B$2:$B$1001,MATCH($A89,'부의금 입력'!$H$2:$H$1001,0))&"") | C89: =IF($A89="","",INDEX('부의금 입력'!$C$2:$C$1001,MATCH($A89,'부의금 입력'!$H$2:$H$1001,0))) | D89: =IF($A89="","",INDEX('부의금 입력'!$D$2:$D$1001,MATCH($A89,'부의금 입력'!$H$2:$H$1001,0))&"") | E89: =IF($A89="","",INDEX('부의금 입력'!$E$2:$E$1001,MATCH($A89,'부의금 입력'!$H$2:$H$1001,0))&"") | H89: =IF(86>$I$1,"",INDEX('근조 화환'!$B$2:$B$501,MATCH(86,'근조 화환'!$G$2:$G$501,0))&"") | I89: =IF(86>$I$1,"",INDEX('근조 화환'!$C$2:$C$501,MATCH(86,'근조 화환'!$G$2:$G$501,0))&"") | J89: =IF(86>$I$1,"",INDEX('근조 화환'!$D$2:$D$501,MATCH(86,'근조 화환'!$G$2:$G$501,0))&"") | K89: =IF(86>$I$1,"",INDEX('근조 화환'!$E$2:$E$501,MATCH(86,'근조 화환'!$G$2:$G$501,0))&"")
A90: =IF(87<=$F$1,87,"") | B90: =IF($A90="","",INDEX('부의금 입력'!$B$2:$B$1001,MATCH($A90,'부의금 입력'!$H$2:$H$1001,0))&"") | C90: =IF($A90="","",INDEX('부의금 입력'!$C$2:$C$1001,MATCH($A90,'부의금 입력'!$H$2:$H$1001,0))) | D90: =IF($A90="","",INDEX('부의금 입력'!$D$2:$D$1001,MATCH($A90,'부의금 입력'!$H$2:$H$1001,0))&"") | E90: =IF($A90="","",INDEX('부의금 입력'!$E$2:$E$1001,MATCH($A90,'부의금 입력'!$H$2:$H$1001,0))&"") | H90: =IF(87>$I$1,"",INDEX('근조 화환'!$B$2:$B$501,MATCH(87,'근조 화환'!$G$2:$G$501,0))&"") | I90: =IF(87>$I$1,"",INDEX('근조 화환'!$C$2:$C$501,MATCH(87,'근조 화환'!$G$2:$G$501,0))&"") | J90: =IF(87>$I$1,"",INDEX('근조 화환'!$D$2:$D$501,MATCH(87,'근조 화환'!$G$2:$G$501,0))&"") | K90: =IF(87>$I$1,"",INDEX('근조 화환'!$E$2:$E$501,MATCH(87,'근조 화환'!$G$2:$G$501,0))&"")
A91: =IF(88<=$F$1,88,"") | B91: =IF($A91="","",INDEX('부의금 입력'!$B$2:$B$1001,MATCH($A91,'부의금 입력'!$H$2:$H$1001,0))&"") | C91: =IF($A91="","",INDEX('부의금 입력'!$C$2:$C$1001,MATCH($A91,'부의금 입력'!$H$2:$H$1001,0))) | D91: =IF($A91="","",INDEX('부의금 입력'!$D$2:$D$1001,MATCH($A91,'부의금 입력'!$H$2:$H$1001,0))&"") | E91: =IF($A91="","",INDEX('부의금 입력'!$E$2:$E$1001,MATCH($A91,'부의금 입력'!$H$2:$H$1001,0))&"") | H91: =IF(88>$I$1,"",INDEX('근조 화환'!$B$2:$B$501,MATCH(88,'근조 화환'!$G$2:$G$501,0))&"") | I91: =IF(88>$I$1,"",INDEX('근조 화환'!$C$2:$C$501,MATCH(88,'근조 화환'!$G$2:$G$501,0))&"") | J91: =IF(88>$I$1,"",INDEX('근조 화환'!$D$2:$D$501,MATCH(88,'근조 화환'!$G$2:$G$501,0))&"") | K91: =IF(88>$I$1,"",INDEX('근조 화환'!$E$2:$E$501,MATCH(88,'근조 화환'!$G$2:$G$501,0))&"")
A92: =IF(89<=$F$1,89,"") | B92: =IF($A92="","",INDEX('부의금 입력'!$B$2:$B$1001,MATCH($A92,'부의금 입력'!$H$2:$H$1001,0))&"") | C92: =IF($A92="","",INDEX('부의금 입력'!$C$2:$C$1001,MATCH($A92,'부의금 입력'!$H$2:$H$1001,0))) | D92: =IF($A92="","",INDEX('부의금 입력'!$D$2:$D$1001,MATCH($A92,'부의금 입력'!$H$2:$H$1001,0))&"") | E92: =IF($A92="","",INDEX('부의금 입력'!$E$2:$E$1001,MATCH($A92,'부의금 입력'!$H$2:$H$1001,0))&"") | H92: =IF(89>$I$1,"",INDEX('근조 화환'!$B$2:$B$501,MATCH(89,'근조 화환'!$G$2:$G$501,0))&"") | I92: =IF(89>$I$1,"",INDEX('근조 화환'!$C$2:$C$501,MATCH(89,'근조 화환'!$G$2:$G$501,0))&"") | J92: =IF(89>$I$1,"",INDEX('근조 화환'!$D$2:$D$501,MATCH(89,'근조 화환'!$G$2:$G$501,0))&"") | K92: =IF(89>$I$1,"",INDEX('근조 화환'!$E$2:$E$501,MATCH(89,'근조 화환'!$G$2:$G$501,0))&"")
A93: =IF(90<=$F$1,90,"") | B93: =IF($A93="","",INDEX('부의금 입력'!$B$2:$B$1001,MATCH($A93,'부의금 입력'!$H$2:$H$1001,0))&"") | C93: =IF($A93="","",INDEX('부의금 입력'!$C$2:$C$1001,MATCH($A93,'부의금 입력'!$H$2:$H$1001,0))) | D93: =IF($A93="","",INDEX('부의금 입력'!$D$2:$D$1001,MATCH($A93,'부의금 입력'!$H$2:$H$1001,0))&"") | E93: =IF($A93="","",INDEX('부의금 입력'!$E$2:$E$1001,MATCH($A93,'부의금 입력'!$H$2:$H$1001,0))&"") | H93: =IF(90>$I$1,"",INDEX('근조 화환'!$B$2:$B$501,MATCH(90,'근조 화환'!$G$2:$G$501,0))&"") | I93: =IF(90>$I$1,"",INDEX('근조 화환'!$C$2:$C$501,MATCH(90,'근조 화환'!$G$2:$G$501,0))&"") | J93: =IF(90>$I$1,"",INDEX('근조 화환'!$D$2:$D$501,MATCH(90,'근조 화환'!$G$2:$G$501,0))&"") | K93: =IF(90>$I$1,"",INDEX('근조 화환'!$E$2:$E$501,MATCH(90,'근조 화환'!$G$2:$G$501,0))&"")
A94: =IF(91<=$F$1,91,"") | B94: =IF($A94="","",INDEX('부의금 입력'!$B$2:$B$1001,MATCH($A94,'부의금 입력'!$H$2:$H$1001,0))&"") | C94: =IF($A94="","",INDEX('부의금 입력'!$C$2:$C$1001,MATCH($A94,'부의금 입력'!$H$2:$H$1001,0))) | D94: =IF($A94="","",INDEX('부의금 입력'!$D$2:$D$1001,MATCH($A94,'부의금 입력'!$H$2:$H$1001,0))&"") | E94: =IF($A94="","",INDEX('부의금 입력'!$E$2:$E$1001,MATCH($A94,'부의금 입력'!$H$2:$H$1001,0))&"") | H94: =IF(91>$I$1,"",INDEX('근조 화환'!$B$2:$B$501,MATCH(91,'근조 화환'!$G$2:$G$501,0))&"") | I94: =IF(91>$I$1,"",INDEX('근조 화환'!$C$2:$C$501,MATCH(91,'근조 화환'!$G$2:$G$501,0))&"") | J94: =IF(91>$I$1,"",INDEX('근조 화환'!$D$2:$D$501,MATCH(91,'근조 화환'!$G$2:$G$501,0))&"") | K94: =IF(91>$I$1,"",INDEX('근조 화환'!$E$2:$E$501,MATCH(91,'근조 화환'!$G$2:$G$501,0))&"")
A95: =IF(92<=$F$1,92,"") | B95: =IF($A95="","",INDEX('부의금 입력'!$B$2:$B$1001,MATCH($A95,'부의금 입력'!$H$2:$H$1001,0))&"") | C95: =IF($A95="","",INDEX('부의금 입력'!$C$2:$C$1001,MATCH($A95,'부의금 입력'!$H$2:$H$1001,0))) | D95: =IF($A95="","",INDEX('부의금 입력'!$D$2:$D$1001,MATCH($A95,'부의금 입력'!$H$2:$H$1001,0))&"") | E95: =IF($A95="","",INDEX('부의금 입력'!$E$2:$E$1001,MATCH($A95,'부의금 입력'!$H$2:$H$1001,0))&"") | H95: =IF(92>$I$1,"",INDEX('근조 화환'!$B$2:$B$501,MATCH(92,'근조 화환'!$G$2:$G$501,0))&"") | I95: =IF(92>$I$1,"",INDEX('근조 화환'!$C$2:$C$501,MATCH(92,'근조 화환'!$G$2:$G$501,0))&"") | J95: =IF(92>$I$1,"",INDEX('근조 화환'!$D$2:$D$501,MATCH(92,'근조 화환'!$G$2:$G$501,0))&"") | K95: =IF(92>$I$1,"",INDEX('근조 화환'!$E$2:$E$501,MATCH(92,'근조 화환'!$G$2:$G$501,0))&"")
A96: =IF(93<=$F$1,93,"") | B96: =IF($A96="","",INDEX('부의금 입력'!$B$2:$B$1001,MATCH($A96,'부의금 입력'!$H$2:$H$1001,0))&"") | C96: =IF($A96="","",INDEX('부의금 입력'!$C$2:$C$1001,MATCH($A96,'부의금 입력'!$H$2:$H$1001,0))) | D96: =IF($A96="","",INDEX('부의금 입력'!$D$2:$D$1001,MATCH($A96,'부의금 입력'!$H$2:$H$1001,0))&"") | E96: =IF($A96="","",INDEX('부의금 입력'!$E$2:$E$1001,MATCH($A96,'부의금 입력'!$H$2:$H$1001,0))&"") | H96: =IF(93>$I$1,"",INDEX('근조 화환'!$B$2:$B$501,MATCH(93,'근조 화환'!$G$2:$G$501,0))&"") | I96: =IF(93>$I$1,"",INDEX('근조 화환'!$C$2:$C$501,MATCH(93,'근조 화환'!$G$2:$G$501,0))&"") | J96: =IF(93>$I$1,"",INDEX('근조 화환'!$D$2:$D$501,MATCH(93,'근조 화환'!$G$2:$G$501,0))&"") | K96: =IF(93>$I$1,"",INDEX('근조 화환'!$E$2:$E$501,MATCH(93,'근조 화환'!$G$2:$G$501,0))&"")
A97: =IF(94<=$F$1,94,"") | B97: =IF($A97="","",INDEX('부의금 입력'!$B$2:$B$1001,MATCH($A97,'부의금 입력'!$H$2:$H$1001,0))&"") | C97: =IF($A97="","",INDEX('부의금 입력'!$C$2:$C$1001,MATCH($A97,'부의금 입력'!$H$2:$H$1001,0))) | D97: =IF($A97="","",INDEX('부의금 입력'!$D$2:$D$1001,MATCH($A97,'부의금 입력'!$H$2:$H$1001,0))&"") | E97: =IF($A97="","",INDEX('부의금 입력'!$E$2:$E$1001,MATCH($A97,'부의금 입력'!$H$2:$H$1001,0))&"") | H97: =IF(94>$I$1,"",INDEX('근조 화환'!$B$2:$B$501,MATCH(94,'근조 화환'!$G$2:$G$501,0))&"") | I97: =IF(94>$I$1,"",INDEX('근조 화환'!$C$2:$C$501,MATCH(94,'근조 화환'!$G$2:$G$501,0))&"") | J97: =IF(94>$I$1,"",INDEX('근조 화환'!$D$2:$D$501,MATCH(94,'근조 화환'!$G$2:$G$501,0))&"") | K97: =IF(94>$I$1,"",INDEX('근조 화환'!$E$2:$E$501,MATCH(94,'근조 화환'!$G$2:$G$501,0))&"")
A98: =IF(95<=$F$1,95,"") | B98: =IF($A98="","",INDEX('부의금 입력'!$B$2:$B$1001,MATCH($A98,'부의금 입력'!$H$2:$H$1001,0))&"") | C98: =IF($A98="","",INDEX('부의금 입력'!$C$2:$C$1001,MATCH($A98,'부의금 입력'!$H$2:$H$1001,0))) | D98: =IF($A98="","",INDEX('부의금 입력'!$D$2:$D$1001,MATCH($A98,'부의금 입력'!$H$2:$H$1001,0))&"") | E98: =IF($A98="","",INDEX('부의금 입력'!$E$2:$E$1001,MATCH($A98,'부의금 입력'!$H$2:$H$1001,0))&"") | H98: =IF(95>$I$1,"",INDEX('근조 화환'!$B$2:$B$501,MATCH(95,'근조 화환'!$G$2:$G$501,0))&"") | I98: =IF(95>$I$1,"",INDEX('근조 화환'!$C$2:$C$501,MATCH(95,'근조 화환'!$G$2:$G$501,0))&"") | J98: =IF(95>$I$1,"",INDEX('근조 화환'!$D$2:$D$501,MATCH(95,'근조 화환'!$G$2:$G$501,0))&"") | K98: =IF(95>$I$1,"",INDEX('근조 화환'!$E$2:$E$501,MATCH(95,'근조 화환'!$G$2:$G$501,0))&"")
A99: =IF(96<=$F$1,96,"") | B99: =IF($A99="","",INDEX('부의금 입력'!$B$2:$B$1001,MATCH($A99,'부의금 입력'!$H$2:$H$1001,0))&"") | C99: =IF($A99="","",INDEX('부의금 입력'!$C$2:$C$1001,MATCH($A99,'부의금 입력'!$H$2:$H$1001,0))) | D99: =IF($A99="","",INDEX('부의금 입력'!$D$2:$D$1001,MATCH($A99,'부의금 입력'!$H$2:$H$1001,0))&"") | E99: =IF($A99="","",INDEX('부의금 입력'!$E$2:$E$1001,MATCH($A99,'부의금 입력'!$H$2:$H$1001,0))&"") | H99: =IF(96>$I$1,"",INDEX('근조 화환'!$B$2:$B$501,MATCH(96,'근조 화환'!$G$2:$G$501,0))&"") | I99: =IF(96>$I$1,"",INDEX('근조 화환'!$C$2:$C$501,MATCH(96,'근조 화환'!$G$2:$G$501,0))&"") | J99: =IF(96>$I$1,"",INDEX('근조 화환'!$D$2:$D$501,MATCH(96,'근조 화환'!$G$2:$G$501,0))&"") | K99: =IF(96>$I$1,"",INDEX('근조 화환'!$E$2:$E$501,MATCH(96,'근조 화환'!$G$2:$G$501,0))&"")
A100: =IF(97<=$F$1,97,"") | B100: =IF($A100="","",INDEX('부의금 입력'!$B$2:$B$1001,MATCH($A100,'부의금 입력'!$H$2:$H$1001,0))&"") | C100: =IF($A100="","",INDEX('부의금 입력'!$C$2:$C$1001,MATCH($A100,'부의금 입력'!$H$2:$H$1001,0))) | D100: =IF($A100="","",INDEX('부의금 입력'!$D$2:$D$1001,MATCH($A100,'부의금 입력'!$H$2:$H$1001,0))&"") | E100: =IF($A100="","",INDEX('부의금 입력'!$E$2:$E$1001,MATCH($A100,'부의금 입력'!$H$2:$H$1001,0))&"") | H100: =IF(97>$I$1,"",INDEX('근조 화환'!$B$2:$B$501,MATCH(97,'근조 화환'!$G$2:$G$501,0))&"") | I100: =IF(97>$I$1,"",INDEX('근조 화환'!$C$2:$C$501,MATCH(97,'근조 화환'!$G$2:$G$501,0))&"") | J100: =IF(97>$I$1,"",INDEX('근조 화환'!$D$2:$D$501,MATCH(97,'근조 화환'!$G$2:$G$501,0))&"") | K100: =IF(97>$I$1,"",INDEX('근조 화환'!$E$2:$E$501,MATCH(97,'근조 화환'!$G$2:$G$501,0))&"")
...

Sheet 물품 통계
A1: 조화·물품 통계
A4: 종류 | B4: 개수 | C4: 비중 | E4: 받은 가족 | F4: 근조화환 | G4: 근조 바구니 | H4: 근조기 | I4: 쌀화환 | J4: 기타 | K4: 합계
A5: 근조화환 | B5: =COUNTIF('근조 화환'!$C$2:$C$501,A5) | C5: =IF(요약!$E$1=0,0,B5/요약!$E$1) | E5: =IF('가족 목록'!A2="","",'가족 목록'!A2) | F5: =IF($E5="","",COUNTIFS('근조 화환'!$A$2:$A$501,$E5,'근조 화환'!$C$2:$C$501,"근조화환")) | G5: =IF($E5="","",COUNTIFS('근조 화환'!$A$2:$A$501,$E5,'근조 화환'!$C$2:$C$501,"근조 바구니")) | H5: =IF($E5="","",COUNTIFS('근조 화환'!$A$2:$A$501,$E5,'근조 화환'!$C$2:$C$501,"근조기")) | I5: =IF($E5="","",COUNTIFS('근조 화환'!$A$2:$A$501,$E5,'근조 화환'!$C$2:$C$501,"쌀화환")) | J5: =IF($E5="","",COUNTIFS('근조 화환'!$A$2:$A$501,$E5,'근조 화환'!$C$2:$C$501,"기타")) | K5: =IF($E5="","",COUNTIF('근조 화환'!$A$2:$A$501,$E5))
A6: 근조 바구니 | B6: =COUNTIF('근조 화환'!$C$2:$C$501,A6) | C6: =IF(요약!$E$1=0,0,B6/요약!$E$1) | E6: =IF('가족 목록'!A3="","",'가족 목록'!A3) | F6: =IF($E6="","",COUNTIFS('근조 화환'!$A$2:$A$501,$E6,'근조 화환'!$C$2:$C$501,"근조화환")) | G6: =IF($E6="","",COUNTIFS('근조 화환'!$A$2:$A$501,$E6,'근조 화환'!$C$2:$C$501,"근조 바구니")) | H6: =IF($E6="","",COUNTIFS('근조 화환'!$A$2:$A$501,$E6,'근조 화환'!$C$2:$C$501,"근조기")) | I6: =IF($E6="","",COUNTIFS('근조 화환'!$A$2:$A$501,$E6,'근조 화환'!$C$2:$C$501,"쌀화환")) | J6: =IF($E6="","",COUNTIFS('근조 화환'!$A$2:$A$501,$E6,'근조 화환'!$C$2:$C$501,"기타")) | K6: =IF($E6="","",COUNTIF('근조 화환'!$A$2:$A$501,$E6))
A7: 근조기 | B7: =COUNTIF('근조 화환'!$C$2:$C$501,A7) | C7: =IF(요약!$E$1=0,0,B7/요약!$E$1) | E7: =IF('가족 목록'!A4="","",'가족 목록'!A4) | F7: =IF($E7="","",COUNTIFS('근조 화환'!$A$2:$A$501,$E7,'근조 화환'!$C$2:$C$501,"근조화환")) | G7: =IF($E7="","",COUNTIFS('근조 화환'!$A$2:$A$501,$E7,'근조 화환'!$C$2:$C$501,"근조 바구니")) | H7: =IF($E7="","",COUNTIFS('근조 화환'!$A$2:$A$501,$E7,'근조 화환'!$C$2:$C$501,"근조기")) | I7: =IF($E7="","",COUNTIFS('근조 화환'!$A$2:$A$501,$E7,'근조 화환'!$C$2:$C$501,"쌀화환")) | J7: =IF($E7="","",COUNTIFS('근조 화환'!$A$2:$A$501,$E7,'근조 화환'!$C$2:$C$501,"기타")) | K7: =IF($E7="","",COUNTIF('근조 화환'!$A$2:$A$501,$E7))
A8: 쌀화환 | B8: =COUNTIF('근조 화환'!$C$2:$C$501,A8) | C8: =IF(요약!$E$1=0,0,B8/요약!$E$1) | E8: =IF('가족 목록'!A5="","",'가족 목록'!A5) | F8: =IF($E8="","",COUNTIFS('근조 화환'!$A$2:$A$501,$E8,'근조 화환'!$C$2:$C$501,"근조화환")) | G8: =IF($E8="","",COUNTIFS('근조 화환'!$A$2:$A$501,$E8,'근조 화환'!$C$2:$C$501,"근조 바구니")) | H8: =IF($E8="","",COUNTIFS('근조 화환'!$A$2:$A$501,$E8,'근조 화환'!$C$2:$C$501,"근조기")) | I8: =IF($E8="","",COUNTIFS('근조 화환'!$A$2:$A$501,$E8,'근조 화환'!$C$2:$C$501,"쌀화환")) | J8: =IF($E8="","",COUNTIFS('근조 화환'!$A$2:$A$501,$E8,'근조 화환'!$C$2:$C$501,"기타")) | K8: =IF($E8="","",COUNTIF('근조 화환'!$A$2:$A$501,$E8))
A9: 기타 | B9: =COUNTIF('근조 화환'!$C$2:$C$501,A9) | C9: =IF(요약!$E$1=0,0,B9/요약!$E$1) | E9: =IF('가족 목록'!A6="","",'가족 목록'!A6) | F9: =IF($E9="","",COUNTIFS('근조 화환'!$A$2:$A$501,$E9,'근조 화환'!$C$2:$C$501,"근조화환")) | G9: =IF($E9="","",COUNTIFS('근조 화환'!$A$2:$A$501,$E9,'근조 화환'!$C$2:$C$501,"근조 바구니")) | H9: =IF($E9="","",COUNTIFS('근조 화환'!$A$2:$A$501,$E9,'근조 화환'!$C$2:$C$501,"근조기")) | I9: =IF($E9="","",COUNTIFS('근조 화환'!$A$2:$A$501,$E9,'근조 화환'!$C$2:$C$501,"쌀화환")) | J9: =IF($E9="","",COUNTIFS('근조 화환'!$A$2:$A$501,$E9,'근조 화환'!$C$2:$C$501,"기타")) | K9: =IF($E9="","",COUNTIF('근조 화환'!$A$2:$A$501,$E9))
A10: 그 밖 | B10: =요약!E1-SUM(B5:B9) | C10: =IF(요약!$E$1=0,0,B10/요약!$E$1) | E10: =IF('가족 목록'!A7="","",'가족 목록'!A7) | F10: =IF($E10="","",COUNTIFS('근조 화환'!$A$2:$A$501,$E10,'근조 화환'!$C$2:$C$501,"근조화환")) | G10: =IF($E10="","",COUNTIFS('근조 화환'!$A$2:$A$501,$E10,'근조 화환'!$C$2:$C$501,"근조 바구니")) | H10: =IF($E10="","",COUNTIFS('근조 화환'!$A$2:$A$501,$E10,'근조 화환'!$C$2:$C$501,"근조기")) | I10: =IF($E10="","",COUNTIFS('근조 화환'!$A$2:$A$501,$E10,'근조 화환'!$C$2:$C$501,"쌀화환")) | J10: =IF($E10="","",COUNTIFS('근조 화환'!$A$2:$A$501,$E10,'근조 화환'!$C$2:$C$501,"기타")) | K10: =IF($E10="","",COUNTIF('근조 화환'!$A$2:$A$501,$E10))
E11: =IF('가족 목록'!A8="","",'가족 목록'!A8) | F11: =IF($E11="","",COUNTIFS('근조 화환'!$A$2:$A$501,$E11,'근조 화환'!$C$2:$C$501,"근조화환")) | G11: =IF($E11="","",COUNTIFS('근조 화환'!$A$2:$A$501,$E11,'근조 화환'!$C$2:$C$501,"근조 바구니")) | H11: =IF($E11="","",COUNTIFS('근조 화환'!$A$2:$A$501,$E11,'근조 화환'!$C$2:$C$501,"근조기")) | I11: =IF($E11="","",COUNTIFS('근조 화환'!$A$2:$A$501,$E11,'근조 화환'!$C$2:$C$501,"쌀화환")) | J11: =IF($E11="","",COUNTIFS('근조 화환'!$A$2:$A$501,$E11,'근조 화환'!$C$2:$C$501,"기타")) | K11: =IF($E11="","",COUNTIF('근조 화환'!$A$2:$A$501,$E11))
E12: =IF('가족 목록'!A9="","",'가족 목록'!A9) | F12: =IF($E12="","",COUNTIFS('근조 화환'!$A$2:$A$501,$E12,'근조 화환'!$C$2:$C$501,"근조화환")) | G12: =IF($E12="","",COUNTIFS('근조 화환'!$A$2:$A$501,$E12,'근조 화환'!$C$2:$C$501,"근조 바구니")) | H12: =IF($E12="","",COUNTIFS('근조 화환'!$A$2:$A$501,$E12,'근조 화환'!$C$2:$C$501,"근조기")) | I12: =IF($E12="","",COUNTIFS('근조 화환'!$A$2:$A$501,$E12,'근조 화환'!$C$2:$C$501,"쌀화환")) | J12: =IF($E12="","",COUNTIFS('근조 화환'!$A$2:$A$501,$E12,'근조 화환'!$C$2:$C$501,"기타")) | K12: =IF($E12="","",COUNTIF('근조 화환'!$A$2:$A$501,$E12))
E13: =IF('가족 목록'!A10="","",'가족 목록'!A10) | F13: =IF($E13="","",COUNTIFS('근조 화환'!$A$2:$A$501,$E13,'근조 화환'!$C$2:$C$501,"근조화환")) | G13: =IF($E13="","",COUNTIFS('근조 화환'!$A$2:$A$501,$E13,'근조 화환'!$C$2:$C$501,"근조 바구니")) | H13: =IF($E13="","",COUNTIFS('근조 화환'!$A$2:$A$501,$E13,'근조 화환'!$C$2:$C$501,"근조기")) | I13: =IF($E13="","",COUNTIFS('근조 화환'!$A$2:$A$501,$E13,'근조 화환'!$C$2:$C$501,"쌀화환")) | J13: =IF($E13="","",COUNTIFS('근조 화환'!$A$2:$A$501,$E13,'근조 화환'!$C$2:$C$501,"기타")) | K13: =IF($E13="","",COUNTIF('근조 화환'!$A$2:$A$501,$E13))
E14: =IF('가족 목록'!A11="","",'가족 목록'!A11) | F14: =IF($E14="","",COUNTIFS('근조 화환'!$A$2:$A$501,$E14,'근조 화환'!$C$2:$C$501,"근조화환")) | G14: =IF($E14="","",COUNTIFS('근조 화환'!$A$2:$A$501,$E14,'근조 화환'!$C$2:$C$501,"근조 바구니")) | H14: =IF($E14="","",COUNTIFS('근조 화환'!$A$2:$A$501,$E14,'근조 화환'!$C$2:$C$501,"근조기")) | I14: =IF($E14="","",COUNTIFS('근조 화환'!$A$2:$A$501,$E14,'근조 화환'!$C$2:$C$501,"쌀화환")) | J14: =IF($E14="","",COUNTIFS('근조 화환'!$A$2:$A$501,$E14,'근조 화환'!$C$2:$C$501,"기타")) | K14: =IF($E14="","",COUNTIF('근조 화환'!$A$2:$A$501,$E14))
E15: =IF('가족 목록'!A12="","",'가족 목록'!A12) | F15: =IF($E15="","",COUNTIFS('근조 화환'!$A$2:$A$501,$E15,'근조 화환'!$C$2:$C$501,"근조화환")) | G15: =IF($E15="","",COUNTIFS('근조 화환'!$A$2:$A$501,$E15,'근조 화환'!$C$2:$C$501,"근조 바구니")) | H15: =IF($E15="","",COUNTIFS('근조 화환'!$A$2:$A$501,$E15,'근조 화환'!$C$2:$C$501,"근조기")) | I15: =IF($E15="","",COUNTIFS('근조 화환'!$A$2:$A$501,$E15,'근조 화환'!$C$2:$C$501,"쌀화환")) | J15: =IF($E15="","",COUNTIFS('근조 화환'!$A$2:$A$501,$E15,'근조 화환'!$C$2:$C$501,"기타")) | K15: =IF($E15="","",COUNTIF('근조 화환'!$A$2:$A$501,$E15))
E16: =IF('가족 목록'!A13="","",'가족 목록'!A13) | F16: =IF($E16="","",COUNTIFS('근조 화환'!$A$2:$A$501,$E16,'근조 화환'!$C$2:$C$501,"근조화환")) | G16: =IF($E16="","",COUNTIFS('근조 화환'!$A$2:$A$501,$E16,'근조 화환'!$C$2:$C$501,"근조 바구니")) | H16: =IF($E16="","",COUNTIFS('근조 화환'!$A$2:$A$501,$E16,'근조 화환'!$C$2:$C$501,"근조기")) | I16: =IF($E16="","",COUNTIFS('근조 화환'!$A$2:$A$501,$E16,'근조 화환'!$C$2:$C$501,"쌀화환")) | J16: =IF($E16="","",COUNTIFS('근조 화환'!$A$2:$A$501,$E16,'근조 화환'!$C$2:$C$501,"기타")) | K16: =IF($E16="","",COUNTIF('근조 화환'!$A$2:$A$501,$E16))
E17: =IF('가족 목록'!A14="","",'가족 목록'!A14) | F17: =IF($E17="","",COUNTIFS('근조 화환'!$A$2:$A$501,$E17,'근조 화환'!$C$2:$C$501,"근조화환")) | G17: =IF($E17="","",COUNTIFS('근조 화환'!$A$2:$A$501,$E17,'근조 화환'!$C$2:$C$501,"근조 바구니")) | H17: =IF($E17="","",COUNTIFS('근조 화환'!$A$2:$A$501,$E17,'근조 화환'!$C$2:$C$501,"근조기")) | I17: =IF($E17="","",COUNTIFS('근조 화환'!$A$2:$A$501,$E17,'근조 화환'!$C$2:$C$501,"쌀화환")) | J17: =IF($E17="","",COUNTIFS('근조 화환'!$A$2:$A$501,$E17,'근조 화환'!$C$2:$C$501,"기타")) | K17: =IF($E17="","",COUNTIF('근조 화환'!$A$2:$A$501,$E17))
E18: =IF('가족 목록'!A15="","",'가족 목록'!A15) | F18: =IF($E18="","",COUNTIFS('근조 화환'!$A$2:$A$501,$E18,'근조 화환'!$C$2:$C$501,"근조화환")) | G18: =IF($E18="","",COUNTIFS('근조 화환'!$A$2:$A$501,$E18,'근조 화환'!$C$2:$C$501,"근조 바구니")) | H18: =IF($E18="","",COUNTIFS('근조 화환'!$A$2:$A$501,$E18,'근조 화환'!$C$2:$C$501,"근조기")) | I18: =IF($E18="","",COUNTIFS('근조 화환'!$A$2:$A$501,$E18,'근조 화환'!$C$2:$C$501,"쌀화환")) | J18: =IF($E18="","",COUNTIFS('근조 화환'!$A$2:$A$501,$E18,'근조 화환'!$C$2:$C$501,"기타")) | K18: =IF($E18="","",COUNTIF('근조 화환'!$A$2:$A$501,$E18))
E19: =IF('가족 목록'!A16="","",'가족 목록'!A16) | F19: =IF($E19="","",COUNTIFS('근조 화환'!$A$2:$A$501,$E19,'근조 화환'!$C$2:$C$501,"근조화환")) | G19: =IF($E19="","",COUNTIFS('근조 화환'!$A$2:$A$501,$E19,'근조 화환'!$C$2:$C$501,"근조 바구니")) | H19: =IF($E19="","",COUNTIFS('근조 화환'!$A$2:$A$501,$E19,'근조 화환'!$C$2:$C$501,"근조기")) | I19: =IF($E19="","",COUNTIFS('근조 화환'!$A$2:$A$501,$E19,'근조 화환'!$C$2:$C$501,"쌀화환")) | J19: =IF($E19="","",COUNTIFS('근조 화환'!$A$2:$A$501,$E19,'근조 화환'!$C$2:$C$501,"기타")) | K19: =IF($E19="","",COUNTIF('근조 화환'!$A$2:$A$501,$E19))
E20: =IF('가족 목록'!A17="","",'가족 목록'!A17) | F20: =IF($E20="","",COUNTIFS('근조 화환'!$A$2:$A$501,$E20,'근조 화환'!$C$2:$C$501,"근조화환")) | G20: =IF($E20="","",COUNTIFS('근조 화환'!$A$2:$A$501,$E20,'근조 화환'!$C$2:$C$501,"근조 바구니")) | H20: =IF($E20="","",COUNTIFS('근조 화환'!$A$2:$A$501,$E20,'근조 화환'!$C$2:$C$501,"근조기")) | I20: =IF($E20="","",COUNTIFS('근조 화환'!$A$2:$A$501,$E20,'근조 화환'!$C$2:$C$501,"쌀화환")) | J20: =IF($E20="","",COUNTIFS('근조 화환'!$A$2:$A$501,$E20,'근조 화환'!$C$2:$C$501,"기타")) | K20: =IF($E20="","",COUNTIF('근조 화환'!$A$2:$A$501,$E20))
E21: =IF('가족 목록'!A18="","",'가족 목록'!A18) | F21: =IF($E21="","",COUNTIFS('근조 화환'!$A$2:$A$501,$E21,'근조 화환'!$C$2:$C$501,"근조화환")) | G21: =IF($E21="","",COUNTIFS('근조 화환'!$A$2:$A$501,$E21,'근조 화환'!$C$2:$C$501,"근조 바구니")) | H21: =IF($E21="","",COUNTIFS('근조 화환'!$A$2:$A$501,$E21,'근조 화환'!$C$2:$C$501,"근조기")) | I21: =IF($E21="","",COUNTIFS('근조 화환'!$A$2:$A$501,$E21,'근조 화환'!$C$2:$C$501,"쌀화환")) | J21: =IF($E21="","",COUNTIFS('근조 화환'!$A$2:$A$501,$E21,'근조 화환'!$C$2:$C$501,"기타")) | K21: =IF($E21="","",COUNTIF('근조 화환'!$A$2:$A$501,$E21))
E22: =IF('가족 목록'!A19="","",'가족 목록'!A19) | F22: =IF($E22="","",COUNTIFS('근조 화환'!$A$2:$A$501,$E22,'근조 화환'!$C$2:$C$501,"근조화환")) | G22: =IF($E22="","",COUNTIFS('근조 화환'!$A$2:$A$501,$E22,'근조 화환'!$C$2:$C$501,"근조 바구니")) | H22: =IF($E22="","",COUNTIFS('근조 화환'!$A$2:$A$501,$E22,'근조 화환'!$C$2:$C$501,"근조기")) | I22: =IF($E22="","",COUNTIFS('근조 화환'!$A$2:$A$501,$E22,'근조 화환'!$C$2:$C$501,"쌀화환")) | J22: =IF($E22="","",COUNTIFS('근조 화환'!$A$2:$A$501,$E22,'근조 화환'!$C$2:$C$501,"기타")) | K22: =IF($E22="","",COUNTIF('근조 화환'!$A$2:$A$501,$E22))
... E24: =IF('가족 목록'!A21="","",'가족 목록'!A21) | F24: =IF($E24="","",COUNTIFS('근조 화환'!$A$2:$A$501,$E24,'근조 화환'!$C$2:$C$501,"근조화환")) | G24: =IF($E24="","",COUNTIFS('근조 화환'!$A$2:$A$501,$E24,'근조 화환'!$C$2:$C$501,"근조 바구니")) | H24: =IF($E24="","",COUNTIFS('근조 화환'!$A$2:$A$501,$E24,'근조 화환'!$C$2:$C$501,"근조기")) | I24: =IF($E24="","",COUNTIFS('근조 화환'!$A$2:$A$501,$E24,'근조 화환'!$C$2:$C$501,"쌀화환")) | J24: =IF($E24="","",COUNTIFS('근조 화환'!$A$2:$A$501,$E24,'근조 화환'!$C$2:$C$501,"기타")) | K24: =IF($E24="","",COUNTIF('근조 화환'!$A$2:$A$501,$E24))

Sheet 가족 목록
A1: 받은 가족 | B1: 정산 참여 | D1: 부의금·화환을 받는 가족 이름을 적으세요. 여기 적은 이름이 드롭다운과 요약에 나옵니다.
D2: 정산 참여: 장례 비용을 나눠 낼 가족은 비워 두거나 O, 빠질 가족(예: 손주)은 X.

Sheet 부의금 입력
A1: 받은 가족 | B1: 이름 | C1: 금액 | D1: 소속·관계 | E1: 메모 | F1: 확인 필요 | G1: 일차 (자동) | H1: 가족별 순번 | I1: 소계 번호 | J1: 확인 표시
F2: =IF(COUNTA(A2:E2)=0,"",IF(OR(ISNUMBER(SEARCH("소계",B2)),ISNUMBER(SEARCH("합계",B2))),"",TRIM(IF(B2="","이름 없음 ","")&IF(A2="","받은 가족 없음 ","")&IF(C2="","금액 없음 ",IF(ISNUMBER(C2),IF(C2<1000,"금액 확인 ",""),"금액 확인 "))&IF(AND(B2<>"",COUNTIFS($A$2:$A$1001,A2,$B$2:$B$1001,B2,$C$2:$C$1001,C2)>1),"중복 의심","")))) | G2: =IF(OR(COUNTA(A2:E2)=0,OR(ISNUMBER(SEARCH("소계",B2)),ISNUMBER(SEARCH("합계",B2)))),"",1+COUNTIF($B$1:B1,"*소계*")) | H2: =IF(AND(A2<>"",A2=가족별!$B$1,G2<>""),COUNTIFS($A$2:A2,가족별!$B$1,$G$2:G2,">0"),"") | I2: =IF(ISNUMBER(SEARCH("소계",B2)),COUNTIF($B$2:B2,"*소계*"),"") | J2: =IF(F2="",0,1)
F3: =IF(COUNTA(A3:E3)=0,"",IF(OR(ISNUMBER(SEARCH("소계",B3)),ISNUMBER(SEARCH("합계",B3))),"",TRIM(IF(B3="","이름 없음 ","")&IF(A3="","받은 가족 없음 ","")&IF(C3="","금액 없음 ",IF(ISNUMBER(C3),IF(C3<1000,"금액 확인 ",""),"금액 확인 "))&IF(AND(B3<>"",COUNTIFS($A$2:$A$1001,A3,$B$2:$B$1001,B3,$C$2:$C$1001,C3)>1),"중복 의심","")))) | G3: =IF(OR(COUNTA(A3:E3)=0,OR(ISNUMBER(SEARCH("소계",B3)),ISNUMBER(SEARCH("합계",B3)))),"",1+COUNTIF($B$1:B2,"*소계*")) | H3: =IF(AND(A3<>"",A3=가족별!$B$1,G3<>""),COUNTIFS($A$2:A3,가족별!$B$1,$G$2:G3,">0"),"") | I3: =IF(ISNUMBER(SEARCH("소계",B3)),COUNTIF($B$2:B3,"*소계*"),"") | J3: =IF(F3="",0,1)
F4: =IF(COUNTA(A4:E4)=0,"",IF(OR(ISNUMBER(SEARCH("소계",B4)),ISNUMBER(SEARCH("합계",B4))),"",TRIM(IF(B4="","이름 없음 ","")&IF(A4="","받은 가족 없음 ","")&IF(C4="","금액 없음 ",IF(ISNUMBER(C4),IF(C4<1000,"금액 확인 ",""),"금액 확인 "))&IF(AND(B4<>"",COUNTIFS($A$2:$A$1001,A4,$B$2:$B$1001,B4,$C$2:$C$1001,C4)>1),"중복 의심","")))) | G4: =IF(OR(COUNTA(A4:E4)=0,OR(ISNUMBER(SEARCH("소계",B4)),ISNUMBER(SEARCH("합계",B4)))),"",1+COUNTIF($B$1:B3,"*소계*")) | H4: =IF(AND(A4<>"",A4=가족별!$B$1,G4<>""),COUNTIFS($A$2:A4,가족별!$B$1,$G$2:G4,">0"),"") | I4: =IF(ISNUMBER(SEARCH("소계",B4)),COUNTIF($B$2:B4,"*소계*"),"") | J4: =IF(F4="",0,1)
F5: =IF(COUNTA(A5:E5)=0,"",IF(OR(ISNUMBER(SEARCH("소계",B5)),ISNUMBER(SEARCH("합계",B5))),"",TRIM(IF(B5="","이름 없음 ","")&IF(A5="","받은 가족 없음 ","")&IF(C5="","금액 없음 ",IF(ISNUMBER(C5),IF(C5<1000,"금액 확인 ",""),"금액 확인 "))&IF(AND(B5<>"",COUNTIFS($A$2:$A$1001,A5,$B$2:$B$1001,B5,$C$2:$C$1001,C5)>1),"중복 의심","")))) | G5: =IF(OR(COUNTA(A5:E5)=0,OR(ISNUMBER(SEARCH("소계",B5)),ISNUMBER(SEARCH("합계",B5)))),"",1+COUNTIF($B$1:B4,"*소계*")) | H5: =IF(AND(A5<>"",A5=가족별!$B$1,G5<>""),COUNTIFS($A$2:A5,가족별!$B$1,$G$2:G5,">0"),"") | I5: =IF(ISNUMBER(SEARCH("소계",B5)),COUNTIF($B$2:B5,"*소계*"),"") | J5: =IF(F5="",0,1)
F6: =IF(COUNTA(A6:E6)=0,"",IF(OR(ISNUMBER(SEARCH("소계",B6)),ISNUMBER(SEARCH("합계",B6))),"",TRIM(IF(B6="","이름 없음 ","")&IF(A6="","받은 가족 없음 ","")&IF(C6="","금액 없음 ",IF(ISNUMBER(C6),IF(C6<1000,"금액 확인 ",""),"금액 확인 "))&IF(AND(B6<>"",COUNTIFS($A$2:$A$1001,A6,$B$2:$B$1001,B6,$C$2:$C$1001,C6)>1),"중복 의심","")))) | G6: =IF(OR(COUNTA(A6:E6)=0,OR(ISNUMBER(SEARCH("소계",B6)),ISNUMBER(SEARCH("합계",B6)))),"",1+COUNTIF($B$1:B5,"*소계*")) | H6: =IF(AND(A6<>"",A6=가족별!$B$1,G6<>""),COUNTIFS($A$2:A6,가족별!$B$1,$G$2:G6,">0"),"") | I6: =IF(ISNUMBER(SEARCH("소계",B6)),COUNTIF($B$2:B6,"*소계*"),"") | J6: =IF(F6="",0,1)
F7: =IF(COUNTA(A7:E7)=0,"",IF(OR(ISNUMBER(SEARCH("소계",B7)),ISNUMBER(SEARCH("합계",B7))),"",TRIM(IF(B7="","이름 없음 ","")&IF(A7="","받은 가족 없음 ","")&IF(C7="","금액 없음 ",IF(ISNUMBER(C7),IF(C7<1000,"금액 확인 ",""),"금액 확인 "))&IF(AND(B7<>"",COUNTIFS($A$2:$A$1001,A7,$B$2:$B$1001,B7,$C$2:$C$1001,C7)>1),"중복 의심","")))) | G7: =IF(OR(COUNTA(A7:E7)=0,OR(ISNUMBER(SEARCH("소계",B7)),ISNUMBER(SEARCH("합계",B7)))),"",1+COUNTIF($B$1:B6,"*소계*")) | H7: =IF(AND(A7<>"",A7=가족별!$B$1,G7<>""),COUNTIFS($A$2:A7,가족별!$B$1,$G$2:G7,">0"),"") | I7: =IF(ISNUMBER(SEARCH("소계",B7)),COUNTIF($B$2:B7,"*소계*"),"") | J7: =IF(F7="",0,1)
F8: =IF(COUNTA(A8:E8)=0,"",IF(OR(ISNUMBER(SEARCH("소계",B8)),ISNUMBER(SEARCH("합계",B8))),"",TRIM(IF(B8="","이름 없음 ","")&IF(A8="","받은 가족 없음 ","")&IF(C8="","금액 없음 ",IF(ISNUMBER(C8),IF(C8<1000,"금액 확인 ",""),"금액 확인 "))&IF(AND(B8<>"",COUNTIFS($A$2:$A$1001,A8,$B$2:$B$1001,B8,$C$2:$C$1001,C8)>1),"중복 의심","")))) | G8: =IF(OR(COUNTA(A8:E8)=0,OR(ISNUMBER(SEARCH("소계",B8)),ISNUMBER(SEARCH("합계",B8)))),"",1+COUNTIF($B$1:B7,"*소계*")) | H8: =IF(AND(A8<>"",A8=가족별!$B$1,G8<>""),COUNTIFS($A$2:A8,가족별!$B$1,$G$2:G8,">0"),"") | I8: =IF(ISNUMBER(SEARCH("소계",B8)),COUNTIF($B$2:B8,"*소계*"),"") | J8: =IF(F8="",0,1)
F9: =IF(COUNTA(A9:E9)=0,"",IF(OR(ISNUMBER(SEARCH("소계",B9)),ISNUMBER(SEARCH("합계",B9))),"",TRIM(IF(B9="","이름 없음 ","")&IF(A9="","받은 가족 없음 ","")&IF(C9="","금액 없음 ",IF(ISNUMBER(C9),IF(C9<1000,"금액 확인 ",""),"금액 확인 "))&IF(AND(B9<>"",COUNTIFS($A$2:$A$1001,A9,$B$2:$B$1001,B9,$C$2:$C$1001,C9)>1),"중복 의심","")))) | G9: =IF(OR(COUNTA(A9:E9)=0,OR(ISNUMBER(SEARCH("소계",B9)),ISNUMBER(SEARCH("합계",B9)))),"",1+COUNTIF($B$1:B8,"*소계*")) | H9: =IF(AND(A9<>"",A9=가족별!$B$1,G9<>""),COUNTIFS($A$2:A9,가족별!$B$1,$G$2:G9,">0"),"") | I9: =IF(ISNUMBER(SEARCH("소계",B9)),COUNTIF($B$2:B9,"*소계*"),"") | J9: =IF(F9="",0,1)
F10: =IF(COUNTA(A10:E10)=0,"",IF(OR(ISNUMBER(SEARCH("소계",B10)),ISNUMBER(SEARCH("합계",B10))),"",TRIM(IF(B10="","이름 없음 ","")&IF(A10="","받은 가족 없음 ","")&IF(C10="","금액 없음 ",IF(ISNUMBER(C10),IF(C10<1000,"금액 확인 ",""),"금액 확인 "))&IF(AND(B10<>"",COUNTIFS($A$2:$A$1001,A10,$B$2:$B$1001,B10,$C$2:$C$1001,C10)>1),"중복 의심","")))) | G10: =IF(OR(COUNTA(A10:E10)=0,OR(ISNUMBER(SEARCH("소계",B10)),ISNUMBER(SEARCH("합계",B10)))),"",1+COUNTIF($B$1:B9,"*소계*")) | H10: =IF(AND(A10<>"",A10=가족별!$B$1,G10<>""),COUNTIFS($A$2:A10,가족별!$B$1,$G$2:G10,">0"),"") | I10: =IF(ISNUMBER(SEARCH("소계",B10)),COUNTIF($B$2:B10,"*소계*"),"") | J10: =IF(F10="",0,1)
F11: =IF(COUNTA(A11:E11)=0,"",IF(OR(ISNUMBER(SEARCH("소계",B11)),ISNUMBER(SEARCH("합계",B11))),"",TRIM(IF(B11="","이름 없음 ","")&IF(A11="","받은 가족 없음 ","")&IF(C11="","금액 없음 ",IF(ISNUMBER(C11),IF(C11<1000,"금액 확인 ",""),"금액 확인 "))&IF(AND(B11<>"",COUNTIFS($A$2:$A$1001,A11,$B$2:$B$1001,B11,$C$2:$C$1001,C11)>1),"중복 의심","")))) | G11: =IF(OR(COUNTA(A11:E11)=0,OR(ISNUMBER(SEARCH("소계",B11)),ISNUMBER(SEARCH("합계",B11)))),"",1+COUNTIF($B$1:B10,"*소계*")) | H11: =IF(AND(A11<>"",A11=가족별!$B$1,G11<>""),COUNTIFS($A$2:A11,가족별!$B$1,$G$2:G11,">0"),"") | I11: =IF(ISNUMBER(SEARCH("소계",B11)),COUNTIF($B$2:B11,"*소계*"),"") | J11: =IF(F11="",0,1)
F12: =IF(COUNTA(A12:E12)=0,"",IF(OR(ISNUMBER(SEARCH("소계",B12)),ISNUMBER(SEARCH("합계",B12))),"",TRIM(IF(B12="","이름 없음 ","")&IF(A12="","받은 가족 없음 ","")&IF(C12="","금액 없음 ",IF(ISNUMBER(C12),IF(C12<1000,"금액 확인 ",""),"금액 확인 "))&IF(AND(B12<>"",COUNTIFS($A$2:$A$1001,A12,$B$2:$B$1001,B12,$C$2:$C$1001,C12)>1),"중복 의심","")))) | G12: =IF(OR(COUNTA(A12:E12)=0,OR(ISNUMBER(SEARCH("소계",B12)),ISNUMBER(SEARCH("합계",B12)))),"",1+COUNTIF($B$1:B11,"*소계*")) | H12: =IF(AND(A12<>"",A12=가족별!$B$1,G12<>""),COUNTIFS($A$2:A12,가족별!$B$1,$G$2:G12,">0"),"") | I12: =IF(ISNUMBER(SEARCH("소계",B12)),COUNTIF($B$2:B12,"*소계*"),"") | J12: =IF(F12="",0,1)
F13: =IF(COUNTA(A13:E13)=0,"",IF(OR(ISNUMBER(SEARCH("소계",B13)),ISNUMBER(SEARCH("합계",B13))),"",TRIM(IF(B13="","이름 없음 ","")&IF(A13="","받은 가족 없음 ","")&IF(C13="","금액 없음 ",IF(ISNUMBER(C13),IF(C13<1000,"금액 확인 ",""),"금액 확인 "))&IF(AND(B13<>"",COUNTIFS($A$2:$A$1001,A13,$B$2:$B$1001,B13,$C$2:$C$1001,C13)>1),"중복 의심","")))) | G13: =IF(OR(COUNTA(A13:E13)=0,OR(ISNUMBER(SEARCH("소계",B13)),ISNUMBER(SEARCH("합계",B13)))),"",1+COUNTIF($B$1:B12,"*소계*")) | H13: =IF(AND(A13<>"",A13=가족별!$B$1,G13<>""),COUNTIFS($A$2:A13,가족별!$B$1,$G$2:G13,">0"),"") | I13: =IF(ISNUMBER(SEARCH("소계",B13)),COUNTIF($B$2:B13,"*소계*"),"") | J13: =IF(F13="",0,1)
... F1001: =IF(COUNTA(A1001:E1001)=0,"",IF(OR(ISNUMBER(SEARCH("소계",B1001)),ISNUMBER(SEARCH("합계",B1001))),"",TRIM(IF(B1001="","이름 없음 ","")&IF(A1001="","받은 가족 없음 ","")&IF(C1001="","금액 없음 ",IF(ISNUMBER(C1001),IF(C1001<1000,"금액 확인 ",""),"금액 확인 "))&IF(AND(B1001<>"",COUNTIFS($A$2:$A$1001,A1001,$B$2:$B$1001,B1001,$C$2:$C$1001,C1001)>1),"중복 의심","")))) | G1001: =IF(OR(COUNTA(A1001:E1001)=0,OR(ISNUMBER(SEARCH("소계",B1001)),ISNUMBER(SEARCH("합계",B1001)))),"",1+COUNTIF($B$1:B1000,"*소계*")) | H1001: =IF(AND(A1001<>"",A1001=가족별!$B$1,G1001<>""),COUNTIFS($A$2:A1001,가족별!$B$1,$G$2:G1001,">0"),"") | I1001: =IF(ISNUMBER(SEARCH("소계",B1001)),COUNTIF($B$2:B1001,"*소계*"),"") | J1001: =IF(F1001="",0,1)

Sheet 근조 화환
A1: 받은 가족 | B1: 보낸 분 | C1: 종류 | D1: 소속·관계 | E1: 메모 | F1: 확인 필요 | G1: 가족별 순번 | H1: 기록 있음 | I1: 확인 표시
F2: =IF(COUNTA(A2:E2)=0,"",TRIM(IF(A2="","받은 가족 없음 ","")&IF(B2="","보낸 분 없음 ","")&IF(AND(B2<>"",COUNTIFS($B$2:$B$501,B2,$C$2:$C$501,C2)>1),"중복 의심",""))) | G2: =IF(AND(A2<>"",A2=가족별!$B$1),COUNTIF($A$2:A2,가족별!$B$1),"") | H2: =IF(COUNTA(B2:C2)>0,1,0) | I2: =IF(F2="",0,1)
F3: =IF(COUNTA(A3:E3)=0,"",TRIM(IF(A3="","받은 가족 없음 ","")&IF(B3="","보낸 분 없음 ","")&IF(AND(B3<>"",COUNTIFS($B$2:$B$501,B3,$C$2:$C$501,C3)>1),"중복 의심",""))) | G3: =IF(AND(A3<>"",A3=가족별!$B$1),COUNTIF($A$2:A3,가족별!$B$1),"") | H3: =IF(COUNTA(B3:C3)>0,1,0) | I3: =IF(F3="",0,1)
F4: =IF(COUNTA(A4:E4)=0,"",TRIM(IF(A4="","받은 가족 없음 ","")&IF(B4="","보낸 분 없음 ","")&IF(AND(B4<>"",COUNTIFS($B$2:$B$501,B4,$C$2:$C$501,C4)>1),"중복 의심",""))) | G4: =IF(AND(A4<>"",A4=가족별!$B$1),COUNTIF($A$2:A4,가족별!$B$1),"") | H4: =IF(COUNTA(B4:C4)>0,1,0) | I4: =IF(F4="",0,1)
F5: =IF(COUNTA(A5:E5)=0,"",TRIM(IF(A5="","받은 가족 없음 ","")&IF(B5="","보낸 분 없음 ","")&IF(AND(B5<>"",COUNTIFS($B$2:$B$501,B5,$C$2:$C$501,C5)>1),"중복 의심",""))) | G5: =IF(AND(A5<>"",A5=가족별!$B$1),COUNTIF($A$2:A5,가족별!$B$1),"") | H5: =IF(COUNTA(B5:C5)>0,1,0) | I5: =IF(F5="",0,1)
F6: =IF(COUNTA(A6:E6)=0,"",TRIM(IF(A6="","받은 가족 없음 ","")&IF(B6="","보낸 분 없음 ","")&IF(AND(B6<>"",COUNTIFS($B$2:$B$501,B6,$C$2:$C$501,C6)>1),"중복 의심",""))) | G6: =IF(AND(A6<>"",A6=가족별!$B$1),COUNTIF($A$2:A6,가족별!$B$1),"") | H6: =IF(COUNTA(B6:C6)>0,1,0) | I6: =IF(F6="",0,1)
F7: =IF(COUNTA(A7:E7)=0,"",TRIM(IF(A7="","받은 가족 없음 ","")&IF(B7="","보낸 분 없음 ","")&IF(AND(B7<>"",COUNTIFS($B$2:$B$501,B7,$C$2:$C$501,C7)>1),"중복 의심",""))) | G7: =IF(AND(A7<>"",A7=가족별!$B$1),COUNTIF($A$2:A7,가족별!$B$1),"") | H7: =IF(COUNTA(B7:C7)>0,1,0) | I7: =IF(F7="",0,1)
F8: =IF(COUNTA(A8:E8)=0,"",TRIM(IF(A8="","받은 가족 없음 ","")&IF(B8="","보낸 분 없음 ","")&IF(AND(B8<>"",COUNTIFS($B$2:$B$501,B8,$C$2:$C$501,C8)>1),"중복 의심",""))) | G8: =IF(AND(A8<>"",A8=가족별!$B$1),COUNTIF($A$2:A8,가족별!$B$1),"") | H8: =IF(COUNTA(B8:C8)>0,1,0) | I8: =IF(F8="",0,1)
F9: =IF(COUNTA(A9:E9)=0,"",TRIM(IF(A9="","받은 가족 없음 ","")&IF(B9="","보낸 분 없음 ","")&IF(AND(B9<>"",COUNTIFS($B$2:$B$501,B9,$C$2:$C$501,C9)>1),"중복 의심",""))) | G9: =IF(AND(A9<>"",A9=가족별!$B$1),COUNTIF($A$2:A9,가족별!$B$1),"") | H9: =IF(COUNTA(B9:C9)>0,1,0) | I9: =IF(F9="",0,1)
F10: =IF(COUNTA(A10:E10)=0,"",TRIM(IF(A10="","받은 가족 없음 ","")&IF(B10="","보낸 분 없음 ","")&IF(AND(B10<>"",COUNTIFS($B$2:$B$501,B10,$C$2:$C$501,C10)>1),"중복 의심",""))) | G10: =IF(AND(A10<>"",A10=가족별!$B$1),COUNTIF($A$2:A10,가족별!$B$1),"") | H10: =IF(COUNTA(B10:C10)>0,1,0) | I10: =IF(F10="",0,1)
F11: =IF(COUNTA(A11:E11)=0,"",TRIM(IF(A11="","받은 가족 없음 ","")&IF(B11="","보낸 분 없음 ","")&IF(AND(B11<>"",COUNTIFS($B$2:$B$501,B11,$C$2:$C$501,C11)>1),"중복 의심",""))) | G11: =IF(AND(A11<>"",A11=가족별!$B$1),COUNTIF($A$2:A11,가족별!$B$1),"") | H11: =IF(COUNTA(B11:C11)>0,1,0) | I11: =IF(F11="",0,1)
F12: =IF(COUNTA(A12:E12)=0,"",TRIM(IF(A12="","받은 가족 없음 ","")&IF(B12="","보낸 분 없음 ","")&IF(AND(B12<>"",COUNTIFS($B$2:$B$501,B12,$C$2:$C$501,C12)>1),"중복 의심",""))) | G12: =IF(AND(A12<>"",A12=가족별!$B$1),COUNTIF($A$2:A12,가족별!$B$1),"") | H12: =IF(COUNTA(B12:C12)>0,1,0) | I12: =IF(F12="",0,1)
F13: =IF(COUNTA(A13:E13)=0,"",TRIM(IF(A13="","받은 가족 없음 ","")&IF(B13="","보낸 분 없음 ","")&IF(AND(B13<>"",COUNTIFS($B$2:$B$501,B13,$C$2:$C$501,C13)>1),"중복 의심",""))) | G13: =IF(AND(A13<>"",A13=가족별!$B$1),COUNTIF($A$2:A13,가족별!$B$1),"") | H13: =IF(COUNTA(B13:C13)>0,1,0) | I13: =IF(F13="",0,1)
... F501: =IF(COUNTA(A501:E501)=0,"",TRIM(IF(A501="","받은 가족 없음 ","")&IF(B501="","보낸 분 없음 ","")&IF(AND(B501<>"",COUNTIFS($B$2:$B$501,B501,$C$2:$C$501,C501)>1),"중복 의심",""))) | G501: =IF(AND(A501<>"",A501=가족별!$B$1),COUNTIF($A$2:A501,가족별!$B$1),"") | H501: =IF(COUNTA(B501:C501)>0,1,0) | I501: =IF(F501="",0,1)

Sheet 지출
A1: 항목 | B1: 금액 | C1: 특이사항 | D1: 낸 사람 | E1: 확인 필요 | G1: 지출 정산
E2: =IF(COUNTA(A2:D2)=0,"",IF(OR(ISNUMBER(SEARCH("소계",A2)),ISNUMBER(SEARCH("합계",A2))),"",TRIM(IF(A2="","항목 없음 ","")&IF(B2="","금액 없음 ",IF(ISNUMBER(B2),"","금액 확인 "))&IF(D2="","낸 사람 없음","")))) | Y2: =IF(E2="",0,1)
E3: =IF(COUNTA(A3:D3)=0,"",IF(OR(ISNUMBER(SEARCH("소계",A3)),ISNUMBER(SEARCH("합계",A3))),"",TRIM(IF(A3="","항목 없음 ","")&IF(B3="","금액 없음 ",IF(ISNUMBER(B3),"","금액 확인 "))&IF(D3="","낸 사람 없음","")))) | G3: 부의금 총액 | H3: =요약!B1 | Y3: =IF(E3="",0,1)
E4: =IF(COUNTA(A4:D4)=0,"",IF(OR(ISNUMBER(SEARCH("소계",A4)),ISNUMBER(SEARCH("합계",A4))),"",TRIM(IF(A4="","항목 없음 ","")&IF(B4="","금액 없음 ",IF(ISNUMBER(B4),"","금액 확인 "))&IF(D4="","낸 사람 없음","")))) | G4: 지출 총액 | H4: =SUM(B2:B301)-SUMIF(A2:A301,"*합계*",B2:B301)-SUMIF(A2:A301,"*소계*",B2:B301) | Y4: =IF(E4="",0,1)
E5: =IF(COUNTA(A5:D5)=0,"",IF(OR(ISNUMBER(SEARCH("소계",A5)),ISNUMBER(SEARCH("합계",A5))),"",TRIM(IF(A5="","항목 없음 ","")&IF(B5="","금액 없음 ",IF(ISNUMBER(B5),"","금액 확인 "))&IF(D5="","낸 사람 없음","")))) | G5: 남는 돈 | H5: =H3-H4 | Y5: =IF(E5="",0,1)
E6: =IF(COUNTA(A6:D6)=0,"",IF(OR(ISNUMBER(SEARCH("소계",A6)),ISNUMBER(SEARCH("합계",A6))),"",TRIM(IF(A6="","항목 없음 ","")&IF(B6="","금액 없음 ",IF(ISNUMBER(B6),"","금액 확인 "))&IF(D6="","낸 사람 없음","")))) | Y6: =IF(E6="",0,1)
E7: =IF(COUNTA(A7:D7)=0,"",IF(OR(ISNUMBER(SEARCH("소계",A7)),ISNUMBER(SEARCH("합계",A7))),"",TRIM(IF(A7="","항목 없음 ","")&IF(B7="","금액 없음 ",IF(ISNUMBER(B7),"","금액 확인 "))&IF(D7="","낸 사람 없음","")))) | G7: 공금 시작 | I7: ← 부의금과 따로 모은 돈이 있으면 적으세요 | Y7: =IF(E7="",0,1)
E8: =IF(COUNTA(A8:D8)=0,"",IF(OR(ISNUMBER(SEARCH("소계",A8)),ISNUMBER(SEARCH("합계",A8))),"",TRIM(IF(A8="","항목 없음 ","")&IF(B8="","금액 없음 ",IF(ISNUMBER(B8),"","금액 확인 "))&IF(D8="","낸 사람 없음","")))) | G8: 공금에서 나간 돈 | H8: =SUMIF(D2:D301,"공금",B2:B301) | Y8: =IF(E8="",0,1)
E9: =IF(COUNTA(A9:D9)=0,"",IF(OR(ISNUMBER(SEARCH("소계",A9)),ISNUMBER(SEARCH("합계",A9))),"",TRIM(IF(A9="","항목 없음 ","")&IF(B9="","금액 없음 ",IF(ISNUMBER(B9),"","금액 확인 "))&IF(D9="","낸 사람 없음","")))) | G9: 공금 잔액 | H9: =IF(H7="","",H7-H8) | Y9: =IF(E9="",0,1)
E10: =IF(COUNTA(A10:D10)=0,"",IF(OR(ISNUMBER(SEARCH("소계",A10)),ISNUMBER(SEARCH("합계",A10))),"",TRIM(IF(A10="","항목 없음 ","")&IF(B10="","금액 없음 ",IF(ISNUMBER(B10),"","금액 확인 "))&IF(D10="","낸 사람 없음","")))) | Y10: =IF(E10="",0,1)
E11: =IF(COUNTA(A11:D11)=0,"",IF(OR(ISNUMBER(SEARCH("소계",A11)),ISNUMBER(SEARCH("합계",A11))),"",TRIM(IF(A11="","항목 없음 ","")&IF(B11="","금액 없음 ",IF(ISNUMBER(B11),"","금액 확인 "))&IF(D11="","낸 사람 없음","")))) | G11: 낸 사람 | H11: 낸 금액 | I11: 건수 | Y11: =IF(E11="",0,1)
E12: =IF(COUNTA(A12:D12)=0,"",IF(OR(ISNUMBER(SEARCH("소계",A12)),ISNUMBER(SEARCH("합계",A12))),"",TRIM(IF(A12="","항목 없음 ","")&IF(B12="","금액 없음 ",IF(ISNUMBER(B12),"","금액 확인 "))&IF(D12="","낸 사람 없음","")))) | G12: 공금 | H12: =IF(G12="","",SUMIF($D$2:$D$301,G12,$B$2:$B$301)) | I12: =IF(G12="","",COUNTIF($D$2:$D$301,G12)) | Y12: =IF(E12="",0,1)
E13: =IF(COUNTA(A13:D13)=0,"",IF(OR(ISNUMBER(SEARCH("소계",A13)),ISNUMBER(SEARCH("합계",A13))),"",TRIM(IF(A13="","항목 없음 ","")&IF(B13="","금액 없음 ",IF(ISNUMBER(B13),"","금액 확인 "))&IF(D13="","낸 사람 없음","")))) | G13: =IF('가족 목록'!A2="","",'가족 목록'!A2) | H13: =IF(G13="","",SUMIF($D$2:$D$301,G13,$B$2:$B$301)) | I13: =IF(G13="","",COUNTIF($D$2:$D$301,G13)) | Y13: =IF(E13="",0,1)
E14: =IF(COUNTA(A14:D14)=0,"",IF(OR(ISNUMBER(SEARCH("소계",A14)),ISNUMBER(SEARCH("합계",A14))),"",TRIM(IF(A14="","항목 없음 ","")&IF(B14="","금액 없음 ",IF(ISNUMBER(B14),"","금액 확인 "))&IF(D14="","낸 사람 없음","")))) | G14: =IF('가족 목록'!A3="","",'가족 목록'!A3) | H14: =IF(G14="","",SUMIF($D$2:$D$301,G14,$B$2:$B$301)) | I14: =IF(G14="","",COUNTIF($D$2:$D$301,G14)) | Y14: =IF(E14="",0,1)
E15: =IF(COUNTA(A15:D15)=0,"",IF(OR(ISNUMBER(SEARCH("소계",A15)),ISNUMBER(SEARCH("합계",A15))),"",TRIM(IF(A15="","항목 없음 ","")&IF(B15="","금액 없음 ",IF(ISNUMBER(B15),"","금액 확인 "))&IF(D15="","낸 사람 없음","")))) | G15: =IF('가족 목록'!A4="","",'가족 목록'!A4) | H15: =IF(G15="","",SUMIF($D$2:$D$301,G15,$B$2:$B$301)) | I15: =IF(G15="","",COUNTIF($D$2:$D$301,G15)) | Y15: =IF(E15="",0,1)
E16: =IF(COUNTA(A16:D16)=0,"",IF(OR(ISNUMBER(SEARCH("소계",A16)),ISNUMBER(SEARCH("합계",A16))),"",TRIM(IF(A16="","항목 없음 ","")&IF(B16="","금액 없음 ",IF(ISNUMBER(B16),"","금액 확인 "))&IF(D16="","낸 사람 없음","")))) | G16: =IF('가족 목록'!A5="","",'가족 목록'!A5) | H16: =IF(G16="","",SUMIF($D$2:$D$301,G16,$B$2:$B$301)) | I16: =IF(G16="","",COUNTIF($D$2:$D$301,G16)) | Y16: =IF(E16="",0,1)
E17: =IF(COUNTA(A17:D17)=0,"",IF(OR(ISNUMBER(SEARCH("소계",A17)),ISNUMBER(SEARCH("합계",A17))),"",TRIM(IF(A17="","항목 없음 ","")&IF(B17="","금액 없음 ",IF(ISNUMBER(B17),"","금액 확인 "))&IF(D17="","낸 사람 없음","")))) | G17: =IF('가족 목록'!A6="","",'가족 목록'!A6) | H17: =IF(G17="","",SUMIF($D$2:$D$301,G17,$B$2:$B$301)) | I17: =IF(G17="","",COUNTIF($D$2:$D$301,G17)) | Y17: =IF(E17="",0,1)
E18: =IF(COUNTA(A18:D18)=0,"",IF(OR(ISNUMBER(SEARCH("소계",A18)),ISNUMBER(SEARCH("합계",A18))),"",TRIM(IF(A18="","항목 없음 ","")&IF(B18="","금액 없음 ",IF(ISNUMBER(B18),"","금액 확인 "))&IF(D18="","낸 사람 없음","")))) | G18: =IF('가족 목록'!A7="","",'가족 목록'!A7) | H18: =IF(G18="","",SUMIF($D$2:$D$301,G18,$B$2:$B$301)) | I18: =IF(G18="","",COUNTIF($D$2:$D$301,G18)) | Y18: =IF(E18="",0,1)
E19: =IF(COUNTA(A19:D19)=0,"",IF(OR(ISNUMBER(SEARCH("소계",A19)),ISNUMBER(SEARCH("합계",A19))),"",TRIM(IF(A19="","항목 없음 ","")&IF(B19="","금액 없음 ",IF(ISNUMBER(B19),"","금액 확인 "))&IF(D19="","낸 사람 없음","")))) | G19: =IF('가족 목록'!A8="","",'가족 목록'!A8) | H19: =IF(G19="","",SUMIF($D$2:$D$301,G19,$B$2:$B$301)) | I19: =IF(G19="","",COUNTIF($D$2:$D$301,G19)) | Y19: =IF(E19="",0,1)
E20: =IF(COUNTA(A20:D20)=0,"",IF(OR(ISNUMBER(SEARCH("소계",A20)),ISNUMBER(SEARCH("합계",A20))),"",TRIM(IF(A20="","항목 없음 ","")&IF(B20="","금액 없음 ",IF(ISNUMBER(B20),"","금액 확인 "))&IF(D20="","낸 사람 없음","")))) | G20: =IF('가족 목록'!A9="","",'가족 목록'!A9) | H20: =IF(G20="","",SUMIF($D$2:$D$301,G20,$B$2:$B$301)) | I20: =IF(G20="","",COUNTIF($D$2:$D$301,G20)) | Y20: =IF(E20="",0,1)
E21: =IF(COUNTA(A21:D21)=0,"",IF(OR(ISNUMBER(SEARCH("소계",A21)),ISNUMBER(SEARCH("합계",A21))),"",TRIM(IF(A21="","항목 없음 ","")&IF(B21="","금액 없음 ",IF(ISNUMBER(B21),"","금액 확인 "))&IF(D21="","낸 사람 없음","")))) | G21: =IF('가족 목록'!A10="","",'가족 목록'!A10) | H21: =IF(G21="","",SUMIF($D$2:$D$301,G21,$B$2:$B$301)) | I21: =IF(G21="","",COUNTIF($D$2:$D$301,G21)) | Y21: =IF(E21="",0,1)
E22: =IF(COUNTA(A22:D22)=0,"",IF(OR(ISNUMBER(SEARCH("소계",A22)),ISNUMBER(SEARCH("합계",A22))),"",TRIM(IF(A22="","항목 없음 ","")&IF(B22="","금액 없음 ",IF(ISNUMBER(B22),"","금액 확인 "))&IF(D22="","낸 사람 없음","")))) | G22: =IF('가족 목록'!A11="","",'가족 목록'!A11) | H22: =IF(G22="","",SUMIF($D$2:$D$301,G22,$B$2:$B$301)) | I22: =IF(G22="","",COUNTIF($D$2:$D$301,G22)) | Y22: =IF(E22="",0,1)
E23: =IF(COUNTA(A23:D23)=0,"",IF(OR(ISNUMBER(SEARCH("소계",A23)),ISNUMBER(SEARCH("합계",A23))),"",TRIM(IF(A23="","항목 없음 ","")&IF(B23="","금액 없음 ",IF(ISNUMBER(B23),"","금액 확인 "))&IF(D23="","낸 사람 없음","")))) | G23: =IF('가족 목록'!A12="","",'가족 목록'!A12) | H23: =IF(G23="","",SUMIF($D$2:$D$301,G23,$B$2:$B$301)) | I23: =IF(G23="","",COUNTIF($D$2:$D$301,G23)) | Y23: =IF(E23="",0,1)
E24: =IF(COUNTA(A24:D24)=0,"",IF(OR(ISNUMBER(SEARCH("소계",A24)),ISNUMBER(SEARCH("합계",A24))),"",TRIM(IF(A24="","항목 없음 ","")&IF(B24="","금액 없음 ",IF(ISNUMBER(B24),"","금액 확인 "))&IF(D24="","낸 사람 없음","")))) | G24: =IF('가족 목록'!A13="","",'가족 목록'!A13) | H24: =IF(G24="","",SUMIF($D$2:$D$301,G24,$B$2:$B$301)) | I24: =IF(G24="","",COUNTIF($D$2:$D$301,G24)) | Y24: =IF(E24="",0,1)
... E32: =IF(COUNTA(A32:D32)=0,"",IF(OR(ISNUMBER(SEARCH("소계",A32)),ISNUMBER(SEARCH("합계",A32))),"",TRIM(IF(A32="","항목 없음 ","")&IF(B32="","금액 없음 ",IF(ISNUMBER(B32),"","금액 확인 "))&IF(D32="","낸 사람 없음","")))) | G32: =IF('가족 목록'!A21="","",'가족 목록'!A21) | H32: =IF(G32="","",SUMIF($D$2:$D$301,G32,$B$2:$B$301)) | I32: =IF(G32="","",COUNTIF($D$2:$D$301,G32)) | Y32: =IF(E32="",0,1)
E33: =IF(COUNTA(A33:D33)=0,"",IF(OR(ISNUMBER(SEARCH("소계",A33)),ISNUMBER(SEARCH("합계",A33))),"",TRIM(IF(A33="","항목 없음 ","")&IF(B33="","금액 없음 ",IF(ISNUMBER(B33),"","금액 확인 "))&IF(D33="","낸 사람 없음","")))) | G33: (낸 사람 없음) | H33: =SUMPRODUCT(($D$2:$D$301="")*($A$2:$A$301<>""),$B$2:$B$301) | I33: =SUMPRODUCT(($D$2:$D$301="")*($A$2:$A$301<>"")) | Y33: =IF(E33="",0,1)
E34: =IF(COUNTA(A34:D34)=0,"",IF(OR(ISNUMBER(SEARCH("소계",A34)),ISNUMBER(SEARCH("합계",A34))),"",TRIM(IF(A34="","항목 없음 ","")&IF(B34="","금액 없음 ",IF(ISNUMBER(B34),"","금액 확인 "))&IF(D34="","낸 사람 없음","")))) | Y34: =IF(E34="",0,1)
E35: =IF(COUNTA(A35:D35)=0,"",IF(OR(ISNUMBER(SEARCH("소계",A35)),ISNUMBER(SEARCH("합계",A35))),"",TRIM(IF(A35="","항목 없음 ","")&IF(B35="","금액 없음 ",IF(ISNUMBER(B35),"","금액 확인 "))&IF(D35="","낸 사람 없음","")))) | Y35: =IF(E35="",0,1)
E36: =IF(COUNTA(A36:D36)=0,"",IF(OR(ISNUMBER(SEARCH("소계",A36)),ISNUMBER(SEARCH("합계",A36))),"",TRIM(IF(A36="","항목 없음 ","")&IF(B36="","금액 없음 ",IF(ISNUMBER(B36),"","금액 확인 "))&IF(D36="","낸 사람 없음","")))) | Y36: =IF(E36="",0,1)
E37: =IF(COUNTA(A37:D37)=0,"",IF(OR(ISNUMBER(SEARCH("소계",A37)),ISNUMBER(SEARCH("합계",A37))),"",TRIM(IF(A37="","항목 없음 ","")&IF(B37="","금액 없음 ",IF(ISNUMBER(B37),"","금액 확인 "))&IF(D37="","낸 사람 없음","")))) | Y37: =IF(E37="",0,1)
E38: =IF(COUNTA(A38:D38)=0,"",IF(OR(ISNUMBER(SEARCH("소계",A38)),ISNUMBER(SEARCH("합계",A38))),"",TRIM(IF(A38="","항목 없음 ","")&IF(B38="","금액 없음 ",IF(ISNUMBER(B38),"","금액 확인 "))&IF(D38="","낸 사람 없음","")))) | Y38: =IF(E38="",0,1)
E39: =IF(COUNTA(A39:D39)=0,"",IF(OR(ISNUMBER(SEARCH("소계",A39)),ISNUMBER(SEARCH("합계",A39))),"",TRIM(IF(A39="","항목 없음 ","")&IF(B39="","금액 없음 ",IF(ISNUMBER(B39),"","금액 확인 "))&IF(D39="","낸 사람 없음","")))) | Y39: =IF(E39="",0,1)
E40: =IF(COUNTA(A40:D40)=0,"",IF(OR(ISNUMBER(SEARCH("소계",A40)),ISNUMBER(SEARCH("합계",A40))),"",TRIM(IF(A40="","항목 없음 ","")&IF(B40="","금액 없음 ",IF(ISNUMBER(B40),"","금액 확인 "))&IF(D40="","낸 사람 없음","")))) | Y40: =IF(E40="",0,1)
E41: =IF(COUNTA(A41:D41)=0,"",IF(OR(ISNUMBER(SEARCH("소계",A41)),ISNUMBER(SEARCH("합계",A41))),"",TRIM(IF(A41="","항목 없음 ","")&IF(B41="","금액 없음 ",IF(ISNUMBER(B41),"","금액 확인 "))&IF(D41="","낸 사람 없음","")))) | Y41: =IF(E41="",0,1)
E42: =IF(COUNTA(A42:D42)=0,"",IF(OR(ISNUMBER(SEARCH("소계",A42)),ISNUMBER(SEARCH("합계",A42))),"",TRIM(IF(A42="","항목 없음 ","")&IF(B42="","금액 없음 ",IF(ISNUMBER(B42),"","금액 확인 "))&IF(D42="","낸 사람 없음","")))) | Y42: =IF(E42="",0,1)
E43: =IF(COUNTA(A43:D43)=0,"",IF(OR(ISNUMBER(SEARCH("소계",A43)),ISNUMBER(SEARCH("합계",A43))),"",TRIM(IF(A43="","항목 없음 ","")&IF(B43="","금액 없음 ",IF(ISNUMBER(B43),"","금액 확인 "))&IF(D43="","낸 사람 없음","")))) | Y43: =IF(E43="",0,1)
E44: =IF(COUNTA(A44:D44)=0,"",IF(OR(ISNUMBER(SEARCH("소계",A44)),ISNUMBER(SEARCH("합계",A44))),"",TRIM(IF(A44="","항목 없음 ","")&IF(B44="","금액 없음 ",IF(ISNUMBER(B44),"","금액 확인 "))&IF(D44="","낸 사람 없음","")))) | Y44: =IF(E44="",0,1)
E45: =IF(COUNTA(A45:D45)=0,"",IF(OR(ISNUMBER(SEARCH("소계",A45)),ISNUMBER(SEARCH("합계",A45))),"",TRIM(IF(A45="","항목 없음 ","")&IF(B45="","금액 없음 ",IF(ISNUMBER(B45),"","금액 확인 "))&IF(D45="","낸 사람 없음","")))) | Y45: =IF(E45="",0,1)
... E301: =IF(COUNTA(A301:D301)=0,"",IF(OR(ISNUMBER(SEARCH("소계",A301)),ISNUMBER(SEARCH("합계",A301))),"",TRIM(IF(A301="","항목 없음 ","")&IF(B301="","금액 없음 ",IF(ISNUMBER(B301),"","금액 확인 "))&IF(D301="","낸 사람 없음","")))) | Y301: =IF(E301="",0,1)
